,fileid
0,20130220-0900-COMMITTEE-JURI_en_77_1
1,20091202-0900-COMMITTEE-LIBE_en_58_1
2,20180531-0900-PLENARY-16_en_20_1
3,20131126-1500-COMMITTEE-AGRI_en_40_1
4,20100601-1500-COMMITTEE-CULT_en_20_1
5,20170427-1400-COMMITTEE-LIBE_en_167_0
6,20150610-1400-SPECIAL_en_50_0
7,20200128-0900-COMMITTEE-LIBE_en_60_0
8,20201111-0900-PLENARY_en_671_1
9,20110201-1500-COMMITTEE-PECH_en_3_0
10,20140225-1030-SPECIAL-UNKN_en_26_1
11,20110830-1500-COMMITTEE-ITRE_en_259_1
12,20130521-0900-PLENARY-4_en_195_0
13,20100927-1500-COMMITTEE-TRAN_en_261_0
14,20191128-0900-COMMITTEE-CONT_en_159_1
15,20160412-0900-PLENARY-4_en_126_0
16,20100426-1500-COMMITTEE-DROI_en_273_0
17,20171121-1430-COMMITTEE-CONT_en_285_1
18,20180320-0900-COMMITTEE-ECON-AFCO_en_34_0
19,20130918-0900-COMMITTEE-LIBE_en_54_0
20,20120124-0900-COMMITTEE-ENVI_en_212_1
21,20201026-1645-COMMITTEE-AGRI_en_57_1
22,20190722-1500-COMMITTEE-CULT_en_9_0
23,20171121-0900-COMMITTEE-EMPL_en_272_1
24,20180515-0900-COMMITTEE-CONT_en_241_1
25,20131002-1434-SPECIAL-UNKN_en_45_2
26,20190121-1500-COMMITTEE-CONT_en_168_0
27,20160225-1000-SPECIAL-UNKN_en_249_0
28,20141105-1500-COMMITTEE-AGRI_en_241_0
29,20100315-1500-COMMITTEE-CONT_en_277_1
30,20101202-0900-COMMITTEE-TRAN_en_93_0
31,20131125-1500-COMMITTEE-CONT_en_200_0
32,20181115-0930-SPECIAL-CONFERENCE_en_134_1
33,20110308-0900-PLENARY-11_en_27_0
34,20120918-1330-COMMITTEE-ENVI_en_256_2
35,20160629-0930-COMMITTEE-BUDG_en_95_1
36,20150225-0900-PLENARY-11_en_44_0
37,20180906-1400-COMMITTEE-LIBE_en_68_0
38,20200923-1600-SPECIAL-OTHER_en_40_1
39,20100624-0900-COMMITTEE-CULT_en_254_1
40,20150121-0900-COMMITTEE-SEDE-AFET-BUDG_en_111_0
41,20090309-0900-PLENARY-13_en_63_1
42,20150120-0900-COMMITTEE-JURI_en_108_0
43,20120327-1500-COMMITTEE-AGRI_en_359_0
44,20181203-1500-COMMITTEE-TRAN_en_259_0
45,20170309-1000-SPECIAL-UNKN_en_57_0
46,20150226-1500-COMMITTEE-CULT-EMPL_en_35_1
47,20111004-1430-SPECIAL_en_213_1
48,20120201-0900-PLENARY-16_en_46_1
49,20130710-0930-COMMITTEE-JURI_en_74_0
50,20171122-1430-COMMITTEE-TRAN_en_87_0
51,20100908-0900-PLENARY-17_en_26_0
52,20160414-0900-PLENARY-15_en_17_1
53,20180307-1445-SPECIAL-UNKN_en_120_1
54,20150113-0900-PLENARY-16_en_18_1
55,20111024-0900-PLENARY-4_en_4_0
56,20110317-0900-COMMITTEE-CULT_en_262_0
57,20130307-1530-SPECIAL_en_42_1
58,20100531-1500-COMMITTEE-ITRE_en_272_0
59,20100111-1800-SPECIAL_en_181_1
60,20170511-1600-SPECIAL-UNKN_en_25_1
61,20170511-1600-SPECIAL-UNKN_en_190_0
62,20150223-1500-COMMITTEE-AFET_en_48_1
63,20190315-1600-SPECIAL-EUROSCOLA_en_2_0
64,20130220-1230-COMMITTEE-ENVI_en_22_0
65,20130219-1500-COMMITTEE-TRAN_en_168_0
66,20200608-0900-COMMITTEE-TRAN_en_51_2
67,20170704-0900-PLENARY-18_en_101_1
68,20170228-0900-COMMITTEE-INTA_en_24_1
69,20100713-1500-COMMITTEE-AFET_en_132_0
70,20161114-1600-COMMITTEE-IMCO_en_243_0
71,20160713-0900-COMMITTEE-AGRI_en_57_0
72,20140225-0900-PLENARY-13_en_46_0
73,20131217-0900-COMMITTEE-INTA_en_148_1
74,20170907-1000-COMMITTEE-INTA_en_196_1
75,20140509-1430-SPECIAL-EYE_en_76_1
76,20100126-1500-COMMITTEE-CULT_en_179_1
77,20140723-1500-COMMITTEE-ENVI_en_149_0
78,20111129-0900-COMMITTEE-CONT_en_259_1
79,20170213-0900-PLENARY-15_en_20_1
80,20130926-1500-COMMITTEE-IMCO_en_168_0
81,20120227-1500-COMMITTEE-REGI_en_319_0
82,20110315-1500-COMMITTEE-TRAN_en_219_0
83,20090330-1500-COMMITTEE-IMCO_en_42_0
84,20170504-0900-COMMITTEE-SEDE_en_11_1
85,20180117-0900-PLENARY-17_en_190_0
86,20190519-1100-SPECIAL-OTHER_en_4_1
87,20130116-0900-PLENARY-12_en_187_0
88,20100921-0900-PLENARY-12_en_139_0
89,20111025-0900-PLENARY-6_en_164_0
90,20160512-0830-COMMITTEE-AFET_en_124_0
91,20121128-0900-COMMITTEE-CRIM_en_289_1
92,20100621-1500-COMMITTEE-REGI_en_282_0
93,20150226-0900-COMMITTEE-ECON_en_32_1
94,20200217-1500-COMMITTEE-ITRE_en_107_1
95,20160511-1100-SPECIAL-UNKN_en_47_1
96,20160314-1500-COMMITTEE-AFCO_en_220_0
97,20170508-1500-COMMITTEE-LIBE_en_104_1
98,20120709-1500-COMMITTEE-DEVE_en_5_1
99,20101115-1500-COMMITTEE-CONT_en_64_1
100,20150331-1500-COMMITTEE-ECON_en_152_0
101,20171115-0900-PLENARY-4_en_70_1
102,20140414-1900-COMMITTEE-AFET_en_52_1
103,20181127-0900-COMMITTEE-PECH_en_179_0
104,20141104-0900-COMMITTEE-ECON_en_66_0
105,20100223-0900-COMMITTEE-ECON_en_275_1
106,20191106-1530-COMMITTEE-AFET_en_81_0
107,20130528-0900-COMMITTEE-CULT_en_129_1
108,20171009-1500-COMMITTEE-DEVE_en_4_0
109,20101122-0900-PLENARY-13_en_98_1
110,20120424-0900-COMMITTEE-FEMM_en_159_1
111,20091202-1500-COMMITTEE-IMCO_en_263_1
112,20180320-1045-COMMITTEE-DEVE_en_22_0
113,20200901-1645-COMMITTEE-AFET_en_22_1
114,20180417-0900-PLENARY-4_en_347_0
115,20150623-1500-COMMITTEE-PETI_en_12_2
116,20111123-0900-COMMITTEE-CULT_en_275_1
117,20171207-1500-COMMITTEE-JURI_en_103_1
118,20131127-0900-COMMITTEE-IMCO_en_63_0
119,20180221-0900-COMMITTEE-AFET_en_237_0
120,20100408-0900-COMMITTEE-IMCO_en_98_1
121,20140923-0900-COMMITTEE-AGRI_en_120_0
122,20121212-0900-PLENARY-14_en_105_1
123,20131007-1900-COMMITTEE-LIBE_en_145_0
124,20160913-0900-PLENARY-14_en_122_0
125,20140407-1500-COMMITTEE-DEVE_en_121_1
126,20101109-0900-COMMITTEE-INTA_en_89_1
127,20150909-1000-SPECIAL-UNKN_en_26_1
128,20181024-0900-PLENARY_en_33_0
129,20110622-0900-PLENARY-12_en_81_1
130,20161216-1000-SPECIAL-UNKN_en_8_0
131,20171128-0900-COMMITTEE-PECH_en_155_0
132,20160310-0900-PLENARY-4_en_31_1
133,20161108-1500-COMMITTEE-AFET_en_75_1
134,20190903-1000-COMMITTEE-TRAN_en_112_1
135,20130703-0900-PLENARY-4_en_228_1
136,20111017-1500-COMMITTEE-ENVI_en_69_0
137,20180117-0900-PLENARY-17_en_58_0
138,20200915-0900-PLENARY_en_470_0
139,20121127-0900-COMMITTEE-AFET_en_364_2
140,20130306-1300-SPECIAL-UNKN_en_7_1
141,20160926-1500-COMMITTEE-JURI_en_178_0
142,20100111-1300-SPECIAL_en_18_1
143,20121010-1500-COMMITTEE-INTA_en_18_0
144,20151203-1400-COMMITTEE-EMPL_en_167_0
145,20120912-0900-PLENARY-7_en_106_0
146,20130319-1530-COMMITTEE-CRIM-LIBE_en_331_1
147,20130424-0900-COMMITTEE-LIBE_en_217_0
148,20130530-1500-COMMITTEE-BUDG_en_247_0
149,20181015-1500-COMMITTEE-TAX3_en_189_1
150,20151214-1900-COMMITTEE-ITRE-IMCO_en_31_1
151,20160218-0900-COMMITTEE-SEDE_en_11_2
152,20190328-0900-PLENARY_en_145_0
153,20100426-1500-COMMITTEE-DEVE_en_270_1
154,20110419-1830-SPECIAL-UNKN_en_6_1
155,20171005-0900-PLENARY-3_en_105_0
156,20150313-1600-SPECIAL-UNKN_en_73_0
157,20170608-0930-SPECIAL-UNKN2_en_90_1
158,20160307-2100-COMMITTEE-AGRI_en_83_0
159,20161010-1500-COMMITTEE-TRAN_en_19_0
160,20110607-0945-SPECIAL-UNKN_en_31_0
161,20151201-0900-COMMITTEE-ENVI_en_47_0
162,20120914-1000-SPECIAL_en_88_1
163,20180625-1530-COMMITTEE-LIBE_en_326_0
164,20151014-0900-PLENARY-9_en_253_0
165,20130320-0900-COMMITTEE-AFET_en_427_1
166,20160308-0900-PLENARY-16_en_14_1
167,20120123-1500-COMMITTEE-AGRI_en_146_0
168,20191127-0930-SPECIAL-STOA_en_36_1
169,20090930-0900-COMMITTEE-ENVI_en_4_1
170,20180205-0900-PLENARY-16_en_64_0
171,20160311-1600-SPECIAL-UNKN_en_159_0
172,20101026-1500-COMMITTEE-INTA_en_56_0
173,20170426-0900-PLENARY-16_en_208_1
174,20151006-1500-SPECIAL-UNKN2_en_40_1
175,20150915-1500-COMMITTEE-LIBE_en_257_0
176,20180829-0900-COMMITTEE-ECON_en_84_0
177,20130219-1500-COMMITTEE-AFET_en_23_0
178,20110308-0900-PLENARY-4_en_1_0
179,20180829-1430-COMMITTEE-DEVE_en_187_0
180,20111219-1500-COMMITTEE-REGI_en_245_1
181,20140311-1010-SPECIAL-UNKN_en_4_0
182,20110523-1500-COMMITTEE-PETI_en_85_2
183,20181122-0900-COMMITTEE-AFET_en_78_0
184,20120917-1500-COMMITTEE-AFCO_en_314_0
185,20121218-1500-COMMITTEE-LIBE_en_113_1
186,20180709-1500-COMMITTEE-FEMM_en_23_0
187,20151019-1500-COMMITTEE-JURI_en_250_1
188,20150903-0900-COMMITTEE-EMPL_en_34_1
189,20100427-1500-COMMITTEE-DEVE_en_167_1
190,20171128-1430-COMMITTEE-ITRE_en_107_1
191,20200616-0900-COMMITTEE-JURI_en_160_1
192,20130121-1500-COMMITTEE-LIBE_en_382_1
193,20101125-0900-PLENARY-3_en_162_0
194,20150224-1500-COMMITTEE-ENVI_en_345_0
195,20160217-1500-COMMITTEE-FEMM_en_212_1
196,20161124-1030-COMMITTEE-LIBE_en_5_0
197,20141007-0900-COMMITTEE-AGRI_en_323_1
198,20151210-0900-COMMITTEE-INTA_en_40_0
199,20200117-1600-SPECIAL-EUROSCOLA_en_164_1
200,20180227-1500-COMMITTEE-TRAN_en_204_1
201,20110210-0900-COMMITTEE-CONT_en_48_0
202,20151112-0900-COMMITTEE-FEMM_en_58_0
203,20170321-1500-COMMITTEE-AGRI_en_38_1
204,20170323-1045-COMMITTEE-EMPL_en_72_1
205,20191106-0900-COMMITTEE-IMCO_en_13_1
206,20170830-0900-COMMITTEE-INTA_en_191_0
207,20190110-0830-COMMITTEE-LIBE_en_86_1
208,20170302-1430-SPECIAL-UNKN_en_151_1
209,20190307-1400-SPECIAL-OTHER_en_222_0
210,20140319-0930-COMMITTEE-SEDE_en_235_0
211,20100414-1500-COMMITTEE-ECON_en_83_0
212,20180903-1500-COMMITTEE-REGI_en_31_0
213,20120322-1430-SPECIAL-UNKN_en_12_1
214,20170323-0900-COMMITTEE-ECON_en_80_0
215,20120704-0900-PLENARY-14_en_53_1
216,20150311-0800-COMMITTEE-AFET_en_46_1
217,20171128-0900-COMMITTEE-PETI_en_245_1
218,20100531-1500-COMMITTEE-PETI_en_261_1
219,20150917-0900-COMMITTEE-REGI_en_161_0
220,20131107-0930-SPECIAL-UNKN_en_252_1
221,20120424-0900-COMMITTEE-CONT_en_390_0
222,20110711-1500-COMMITTEE-ITRE_en_135_1
223,20130917-0900-COMMITTEE-DEVE_en_29_1
224,20180515-0900-COMMITTEE-EMPL_en_33_1
225,20171004-0900-PLENARY-15_en_147_1
226,20130320-0900-COMMITTEE-AFET_en_381_0
227,20140930-1800-COMMITTEE-HEARING2014MS_en_224_0
228,20150209-1900-COMMITTEE-AFET_en_187_0
229,20150605-1100-SPECIAL-UNKN_en_68_0
230,20160418-1500-COMMITTEE-ENVI_en_144_1
231,20190318-1500-COMMITTEE-AGRI_en_107_1
232,20160511-0900-PLENARY-16_en_124_1
233,20150421-0955-COMMITTEE-envi_en_90_1
234,20110831-0900-COMMITTEE-ECON_en_141_0
235,20150210-0900-PLENARY-9_en_59_0
236,20191121-0900-COMMITTEE-LIBE_en_240_0
237,20170125-0900-COMMITTEE-DROI_en_133_1
238,20200514-0900-PLENARY_en_271_1
239,20151210-0900-COMMITTEE-PECH_en_60_2
240,20141203-0900-COMMITTEE-AGRI_en_306_0
241,20170124-1500-COMMITTEE-LIBE_en_99_0
242,20200917-0900-PLENARY_en_266_1
243,20100506-1030-SPECIAL_en_0_1
244,20121217-1530-COMMITTEE-IMCO_en_139_0
245,20181121-1430-COMMITTEE-AGRI_en_281_0
246,20200218-1715-COMMITTEE-ECON_en_183_0
247,20120327-1500-COMMITTEE-AFET_en_142_0
248,20190116-0900-PLENARY_en_623_0
249,20100426-1500-COMMITTEE-CULT_en_187_0
250,20120229-0900-COMMITTEE-AGRI_en_88_1
251,20160928-0900-COMMITTEE-BUDG_en_31_0
252,20100317-0900-COMMITTEE-INTA_en_25_1
253,20100112-1031-SPECIAL_en_207_0
254,20151013-0900-COMMITTEE-LIBE_en_210_1
255,20120213-0900-PLENARY-16_en_127_1
256,20171010-0900-COMMITTEE-DEVE-FEMM_en_42_1
257,20110630-0900-COMMITTEE-ECON_en_106_2
258,20160714-0900-COMMITTEE-AGRI_en_134_1
259,20141007-0900-COMMITTEE-PETI_en_290_1
260,20130702-0900-PLENARY-18_en_23_0
261,20131104-1500-COMMITTEE-ENVI_en_38_0
262,20120214-0900-PLENARY-16_en_58_1
263,20190220-0900-COMMITTEE-PETI_en_103_0
264,20170711-0930-COMMITTEE-ECON_en_112_0
265,20180424-1530-COMMITTEE-INTA_en_252_0
266,20130504-1030-SPECIAL-UNKN_en_106_0
267,20150121-0900-COMMITTEE-ECON_en_190_1
268,20100211-0900-PLENARY-14_en_3_1
269,20100309-0900-PLENARY-8_en_66_0
270,20160412-1000-COMMITTEE-LIBE_en_17_1
271,20110322-0900-COMMITTEE-IMCO_en_132_0
272,20170626-1500-COMMITTEE-AFET_en_125_0
273,20120328-0900-PLENARY-18_en_16_0
274,20190919-0900-PLENARY_en_270_1
275,20100318-0900-COMMITTEE-SEDE_en_59_1
276,20170320-1500-COMMITTEE-IMCO-IMCO-ITRE_en_10_1
277,20110713-0900-COMMITTEE-PETI_en_270_1
278,20190930-1430-SPECIAL-HEARING-2Q2_en_276_1
279,20151201-0900-COMMITTEE-ITRE_en_114_0
280,20141001-1800-COMMITTEE-HEARING2014TN_en_65_1
281,20191204-1500-COMMITTEE-REGI_en_51_1
282,20111213-0900-PLENARY-5_en_269_1
283,20160225-1000-SPECIAL-UNKN_en_20_0
284,20160620-1500-SPECIAL-UNKN_en_295_0
285,20090902-1500-COMMITTEE-LIBE_en_118_1
286,20130530-0900-COMMITTEE-ITRE_en_11_1
287,20090211-1500-COMMITTEE-ECON_en_369_0
288,20130618-0900-COMMITTEE-CONT_en_163_2
289,20101202-0900-COMMITTEE-CULT_en_136_0
290,20180601-1030-SPECIAL-UNKN2_en_171_0
291,20151124-0900-PLENARY-12_en_53_0
292,20161019-1000-SPECIAL-UNKN_en_231_1
293,20190114-0900-PLENARY_en_164_0
294,20130618-1500-COMMITTEE-CONT-LIBE_en_115_0
295,20101025-1500-COMMITTEE-DROI_en_304_0
296,20120709-1500-COMMITTEE-CONT_en_294_1
297,20161123-1730-SPECIAL-UNKN_en_156_1
298,20110201-0900-COMMITTEE-LIBE_en_144_1
299,20151110-0900-COMMITTEE-ECON_en_311_1
300,20171016-1600-COMMITTEE-ENVI_en_173_1
301,20130422-1500-COMMITTEE-EMPL_en_37_1
302,20161024-1900-COMMITTEE-BUDG_en_203_1
303,20100126-1500-COMMITTEE-TRAN_en_155_0
304,20180320-0900-COMMITTEE-TRAN_en_4_0
305,20110621-0900-COMMITTEE-ECON_en_197_0
306,20090915-0900-PLENARY-10_en_380_1
307,20130528-1530-COMMITTEE-INTA_en_99_0
308,20120604-1730-COMMITTEE-AFET_en_77_0
309,20160524-0900-COMMITTEE-DEVE_en_108_1
310,20121213-0900-PLENARY-4_en_17_0
311,20190905-0900-COMMITTEE-ENVI_en_169_0
312,20100512-0900-COMMITTEE_en_35_0
313,20091125-0900-PLENARY-5_en_122_0
314,20120229-1500-COMMITTEE-AGRI_en_57_0
315,20130121-1500-COMMITTEE-AFCO_en_134_0
316,20090930-1400-COMMITTEE-CONT_en_279_1
317,20160705-0900-PLENARY-14_en_26_1
318,20111005-0900-COMMITTEE-BUDG_en_86_1
319,20180125-0900-COMMITTEE-ENVI_en_155_1
320,20200528-0900-COMMITTEE-CULT_en_5_1
321,20171012-1400-SPECIAL-UNKN_en_11_0
322,20100204-0900-COMMITTEE-DEVE_en_84_1
323,20121105-1500-COMMITTEE-TRAN-ITRE_en_19_0
324,20090330-1500-COMMITTEE-EMPL_en_108_0
325,20130227-1500-COMMITTEE-ENVI_en_156_1
326,20120228-1500-COMMITTEE-PECH_en_59_2
327,20111122-0900-COMMITTEE-IMCO_en_193_2
328,20150304-1500-SPECIAL-UNKN_en_234_1
329,20200218-1600-COMMITTEE-IMCO_en_253_1
330,20191105-0900-COMMITTEE-CULT_en_215_0
331,20160524-0900-COMMITTEE-ENVI_en_122_1
332,20150917-0900-COMMITTEE-REGI_en_32_0
333,20120514-1500-COMMITTEE-AFET_en_252_1
334,20151012-1500-COMMITTEE-DEVE_en_109_1
335,20150716-0900-COMMITTEE-ECON_en_220_0
336,20090930-0900-COMMITTEE-FEMM_en_160_1
337,20150113-0900-PLENARY-4_en_148_1
338,20160317-1000-COMMITTEE-INTA_en_110_1
339,20170710-1500-COMMITTEE-LIBE_en_212_1
340,20111006-0900-COMMITTEE-LIBE_en_251_0
341,20130522-0900-PLENARY-18_en_28_0
342,20191217-0900-PLENARY_en_815_1
343,20130220-1500-COMMITTEE-IMCO_en_78_1
344,20150908-0900-PLENARY-12_en_10_0
345,20180220-1430-COMMITTEE-ENVI_en_71_1
346,20130710-1500-COMMITTEE-FEMM_en_132_0
347,20160713-1230-COMMITTEE-ENVI_en_111_2
348,20100602-1500-COMMITTEE-AGRI_en_236_0
349,20160616-0900-COMMITTEE-LIBE_en_26_0
350,20100531-1500-COMMITTEE-PETI_en_184_0
351,20170124-1500-COMMITTEE-INTA_en_317_1
352,20110502-1500-COMMITTEE-DEVE_en_69_0
353,20200212-0900-PLENARY_en_719_1
354,20090225-1500-special_20090225-1500-SPECIAL_en_184_1
355,20110620-1500-COMMITTEE-AFET-FEMM-DEVE-DROI_en_70_1
356,20160616-0900-SPECIAL-EMIS-OMEE_en_202_0
357,20110216-0900-PLENARY-9_en_129_1
358,20170830-1500-COMMITTEE-EMPL_en_309_1
359,20130618-0900-COMMITTEE-IMCO_en_191_0
360,20150121-0900-COMMITTEE-IMCO_en_154_0
361,20120711-0900-COMMITTEE-CRIM_en_70_1
362,20170912-0900-PLENARY-25_en_0_1
363,20111208-0900-COMMITTEE-LIBE_en_128_1
364,20100222-1500-COMMITTEE-CONT_en_220_1
365,20131008-0900-PLENARY-14_en_17_0
366,20150129-1500-COMMITTEE-ENVI_en_138_1
367,20130916-1500-COMMITTEE-AGRI_en_104_1
368,20111213-0900-PLENARY-9_en_125_0
369,20150506-1500-COMMITTEE-ENVI_en_163_0
370,20090216-1500-COMMITTEE-CONT_en_268_0
371,20180111-1500-COMMITTEE-CONT_en_33_0
372,20160913-0900-PLENARY-16_en_44_1
373,20110125-0900-COMMITTEE-PECH_en_29_1
374,20151210-0900-COMMITTEE-AFET_en_55_2
375,20180620-0900-COMMITTEE-AFCO_en_180_1
376,20200611-0900-COMMITTEE-CONT_en_12_0
377,20111011-1500-COMMITTEE-LIBE_en_128_1
378,20151109-1500-COMMITTEE-CONT_en_18_0
379,20101004-1500-COMMITTEE-ECON_en_119_1
380,20121213-0900-PLENARY-7_en_97_0
381,20121008-1500-COMMITTEE-PECH_en_102_0
382,20090213-0930-SPECIAL-AP1_en_152_0
383,20191107-0900-COMMITTEE-INTA_en_159_1
384,20160704-1930-SPECIAL-EMIS-EXTRA_en_269_1
385,20160427-1900-COMMITTEE-JURI-IMCO_en_35_1
386,20161117-0900-SPECIAL-UNKN_en_82_0
387,20091130-1500-COMMITTEE-CULT_en_215_1
388,20161109-0900-COMMITTEE-PETI_en_126_1
389,20190118-1000-SPECIAL-EUROSCOLA_en_285_0
390,20120613-1400-SPECIAL_en_10_0
391,20101215-0900-PLENARY-3_en_281_1
392,20110302-1443-SPECIAL_en_174_0
393,20130124-0900-COMMITTEE-ENVI_en_188_0
394,20180319-1500-COMMITTEE-CONT_en_205_0
395,20170711-0900-COMMITTEE-IMCO_en_29_0
396,20100428-1500-COMMITTEE-AFET_en_26_0
397,20170614-0900-PLENARY-7_en_76_0
398,20101108-1500-COMMITTEE-EMPL_en_147_1
399,20170126-0900-COMMITTEE-BUDG_en_106_1
400,20150121-1500-COMMITTEE-SEDE_en_255_0
401,20120228-1500-COMMITTEE-PECH_en_182_1
402,20091117-0930-SPECIAL_en_255_1
403,20111123-1400-SPECIAL-UNKN_en_356_1
404,20180220-1430-COMMITTEE-ENVI_en_4_0
405,20190312-0930-SPECIAL-PRESSER_en_6_1
406,20170323-1500-SPECIAL-UNKN_en_256_1
407,20150609-0900-PLENARY-13_en_263_1
408,20180319-1500-COMMITTEE-ECON_en_129_0
409,20130425-0900-COMMITTEE-ENVI_en_1_0
410,20100511-1430-SPECIAL_en_299_0
411,20141201-1500-COMMITTEE-AFET_en_284_0
412,20090210-0900-COMMITTEE-DROI_en_190_0
413,20130307-0900-COMMITTEE-FEMM_en_183_0
414,20100504-1400-SPECIAL_en_119_1
415,20101026-0900-COMMITTEE-EMPL_en_127_0
416,20161110-0900-COMMITTEE-PECH_en_59_1
417,20130711-1500-COMMITTEE-ENVI_en_47_0
418,20171113-1900-COMMITTEE-CONT_en_17_0
419,20151221-1500-COMMITTEE-ENVI_en_352_2
420,20101201-0900-COMMITTEE-REGI_en_366_1
421,20161012-1500-COMMITTEE-INTA_en_328_0
422,20180514-1500-COMMITTEE-PECH_en_183_0
423,20100428-0900-COMMITTEE-IMCO_en_220_0
424,20140509-1530-SPECIAL-EYE_en_43_1
425,20100113-1431-SPECIAL_en_341_1
426,20191125-0900-PLENARY_en_57_0
427,20170427-1000-SPECIAL-UNKN_en_56_1
428,20131114-1000-SPECIAL-UNKN_en_24_0
429,20190904-0900-COMMITTEE-FEMM_en_172_0
430,20130220-0900-COMMITTEE-IMCO_en_34_0
431,20180529-0900-PLENARY-3_en_87_0
432,20121212-1630-SPECIAL-UNKN_en_17_0
433,20160418-1500-COMMITTEE-AFET_en_110_0
434,20100301-1500-SPECIAL-TRAN_en_195_1
435,20181105-1500-COMMITTEE-ECON_en_134_1
436,20130527-1500-COMMITTEE-ECON_en_21_1
437,20190313-1500-SPECIAL-DELEGATIONS_en_133_1
438,20170126-1600-SPECIAL_en_37_1
439,20130320-1500-COMMITTEE-LIBE_en_137_1
440,20130529-1000-COMMITTEE-LIBE_en_162_0
441,20160411-1900-COMMITTEE-BUDG_en_9_0
442,20110713-0900-COMMITTEE-EMPL_en_331_1
443,20130326-0900-COMMITTEE-TRAN_en_76_0
444,20150916-0900-PLENARY-9_en_206_0
445,20160126-1500-SPECIAL-UNKN_en_18_0
446,20141203-1500-COMMITTEE-REGI_en_113_1
447,20140317-1500-SPECIAL-UNKN_en_246_1
448,20180205-0900-PLENARY-14_en_95_1
449,20140114-0900-PLENARY-5_en_46_0
450,20161108-0900-COMMITTEE-IMCO_en_123_1
451,20130522-1400-SPECIAL-UNKN_en_35_2
452,20151028-0900-PLENARY-11_en_90_1
453,20130320-1500-COMMITTEE-LIBE_en_181_1
454,20101130-1500-COMMITTEE-ECON_en_352_1
455,20180903-1815-COMMITTEE-ECON_en_10_0
456,20141013-1630-COMMITTEE-FEMM_en_22_0
457,20130924-0900-COMMITTEE-PETI_en_225_0
458,20200128-0930-COMMITTEE-ITRE_en_11_0
459,20150121-1500-COMMITTEE-AGRI_en_326_1
460,20190613-1130-COMMITTEE-B_en_42_1
461,20150617-1500-COMMITTEE-PECH_en_35_0
462,20200716-1430-COMMITTEE-EMPL_en_50_0
463,20180613-1545-SPECIAL-OTHER_en_194_1
464,20100621-1500-COMMITTEE-DEVE_en_63_2
465,20180702-0900-PLENARY_en_536_0
466,20130214-1000-SPECIAL-EUROSCOLA_en_283_0
467,20100408-0900-COMMITTEE-PECH_en_117_1
468,20101202-0900-COMMITTEE-TRAN_en_44_1
469,20151008-0900-COMMITTEE-JURI_en_138_0
470,20141111-1500-COMMITTEE-LIBE_en_202_0
471,20201026-1345-COMMITTEE-AIDA_en_147_0
472,20160615-1500-COMMITTEE-ENVI_en_26_0
473,20180927-1500-SPECIAL-OTHER-HEM_en_303_1
474,20131216-1500-COMMITTEE-LIBE_en_361_0
475,20191118-1430-COMMITTEE-AGRI_en_121_1
476,20190924-1500-COMMITTEE-CULT_en_33_1
477,20190307-1500-COMMITTEE-AFCO_en_64_0
478,20190116-0900-PLENARY_en_252_0
479,20170213-0900-PLENARY-14_en_26_1
480,20110309-0900-PLENARY-8_en_126_0
481,20111011-1500-COMMITTEE-LIBE_en_11_0
482,20200217-1500-COMMITTEE-IMCO_en_112_1
483,20100317-0900-COMMITTEE-EMPL_en_182_1
484,20150203-0900-COMMITTEE-BUDG-EMPL-ECON_en_129_1
485,20130702-0900-PLENARY-3_en_16_1
486,20200928-1345-COMMITTEE-JURI_en_150_0
487,20190314-0900-PLENARY_en_219_0
488,20200525-1600-COMMITTEE-INTA-AFET_en_66_1
489,20160521-1400-SPECIAL-UNKN_en_129_0
490,20200507-1430-COMMITTEE-EMPL_en_179_1
491,20130319-1030-SPECIAL-UNKN_en_87_0
492,20171012-0900-COMMITTEE-SEDE_en_257_0
493,20180530-0900-PLENARY-27_en_118_0
494,20120613-0900-PLENARY-14_en_10_2
495,20090325-0900-PLENARY-3_en_181_1
496,20180108-1500-COMMITTEE-LIBE_en_5_0
497,20161107-1500-COMMITTEE-LIBE_en_113_0
498,20141201-1500-COMMITTEE-FEMM_en_241_1
499,20150210-0900-PLENARY-13_en_39_0
500,20180910-0900-PLENARY_en_488_1
501,20150923-0900-COMMITTEE-ECON_en_117_2
502,20101025-1500-COMMITTEE-INTA_en_157_0
503,20180822-1000-SPECIAL-OTHER_en_131_0
504,20121218-0900-COMMITTEE-LIBE_en_20_0
505,20160413-0900-PLENARY-18_en_33_1
506,20100623-1630-COMMITTEE-IMCO_en_35_0
507,20170216-1000-COMMITTEE-EMPL_en_168_1
508,20101026-1500-COMMITTEE-ITRE_en_275_1
509,20190402-0900-COMMITTEE-AFET_en_310_1
510,20180619-1500-SPECIAL-OTHER_en_126_1
511,20111116-0900-PLENARY-10_en_125_1
512,20200525-1400-COMMITTEE-LIBE_en_65_0
513,20090226-0900-SPECIAL_en_15_0
514,20170314-0900-PLENARY-13_en_94_2
515,20191126-0900-PLENARY_en_402_1
516,20110712-0900-COMMITTEE-ECON_en_285_0
517,20120710-0900-COMMITTEE-DEVE_en_77_0
518,20120625-1500-COMMITTEE-ECON_en_276_1
519,20190903-0900-COMMITTEE-AFET_en_87_0
520,20101109-1500-COMMITTEE-PETI_en_57_1
521,20120611-0900-PLENARY-15_en_38_0
522,20111010-1500-COMMITTEE-PECH_en_138_1
523,20130129-1100-COMMITTEE-BUDG_en_46_1
524,20110117-0900-PLENARY-15_en_10_1
525,20150507-1000-SPECIAL-UNKN_en_253_1
526,20170425-1500-COMMITTEE-ENVI_en_119_0
527,20141120-0900-COMMITTEE-LIBE_en_34_0
528,20130121-1500-COMMITTEE-PETI_en_77_0
529,20140123-0900-COMMITTEE-ITRE_en_189_0
530,20111107-1500-COMMITTEE-AGRI_en_15_0
531,20121119-1630-SPECIAL-UNKN_en_26_0
532,20160627-1500-SPECIAL_en_22_0
533,20180313-0900-PLENARY-12_en_36_0
534,20110907-1236-SPECIAL-UNKN_en_94_0
535,20150601-1530-COMMITTEE-DEVE_en_20_1
536,20191121-1400-COMMITTEE-LIBE_en_115_0
537,20130311-0900-PLENARY-18_en_44_1
538,20140904-0900-COMMITTEE-PECH_en_47_1
539,20100623-0900-COMMITTEE-IMCO_en_3_1
540,20190724-0900-COMMITTEE-DEVE_en_84_1
541,20120918-0900-COMMITTEE-ITRE_en_3_0
542,20110706-0900-PLENARY-3_en_74_1
543,20191009-0900-PLENARY_en_407_0
544,20090309-0900-PLENARY-11_en_12_0
545,20190304-1500-COMMITTEE-AGRI_en_63_0
546,20180417-0900-PLENARY-4_en_238_1
547,20161026-1600-SPECIAL-UNKN_en_66_1
548,20160620-1100-SPECIAL-UNKN_en_10_1
549,20160301-1730-SPECIAL-UNKN_en_58_0
550,20130226-0900-COMMITTEE-ECON_en_348_0
551,20100623-1630-COMMITTEE-DROI_en_95_0
552,20151110-1500-COMMITTEE-AFET_en_241_0
553,20110615-1430-COMMITTEE-ENVI_en_98_1
554,20110713-1500-COMMITTEE-INTA_en_9_0
555,20190613-1130-COMMITTEE-B_en_55_0
556,20160215-1500-COMMITTEE-TRAN_en_89_1
557,20111121-1500-COMMITTEE-PETI_en_80_0
558,20151109-1500-COMMITTEE-IMCO_en_147_1
559,20151116-1500-COMMITTEE-AFET_en_120_0
560,20120229-1500-COMMITTEE-IMCO_en_98_0
561,20200916-0900-PLENARY_en_205_0
562,20180607-1400-COMMITTEE-PEST_en_255_0
563,20110712-1500-COMMITTEE-EMPL_en_279_2
564,20130905-0900-COMMITTEE-TRAN_en_47_0
565,20180305-1500-COMMITTEE-TRAN_en_66_0
566,20140211-0900-COMMITTEE-PECH_en_83_1
567,20150420-1500-COMMITTEE-SEDE_en_148_1
568,20120704-0900-PLENARY-8_en_183_1
569,20200928-1345-COMMITTEE-IMCO_en_78_1
570,20130321-0900-COMMITTEE-INTA_en_99_0
571,20131211-0900-PLENARY-16_en_41_1
572,20150707-1030-SPECIAL-UNKN24_en_27_1
573,20130121-1500-COMMITTEE-PECH_en_158_0
574,20180924-1430-COMMITTEE-CULT_en_125_1
575,20160621-0900-COMMITTEE-PETI_en_204_0
576,20150119-1500-COMMITTEE-JURI_en_9_0
577,20140410-0900-COMMITTEE-PECH_en_96_0
578,20111122-1500-COMMITTEE-JURI_en_142_2
579,20151030-1600-SPECIAL-UNKN_en_166_1
580,20130319-1530-COMMITTEE-SEDE_en_179_0
581,20161011-1500-COMMITTEE-BUDG_en_151_0
582,20181009-0900-COMMITTEE-EMPL_en_252_1
583,20090114-0900-PLENARY-3_en_301_0
584,20120530-0900-COMMITTEE-ITRE_en_269_0
585,20200507-1730-COMMITTEE-LIBE_en_31_1
586,20190220-1000-COMMITTEE-ECON_en_100_0
587,20130924-1000-COMMITTEE-INTA_en_90_1
588,20101004-1500-COMMITTEE-ECON_en_72_0
589,20100616-0900-PLENARY-7_en_1_1
590,20190123-0930-COMMITTEE-FEMM_en_298_1
591,20121127-1500-COMMITTEE-LIBE_en_0_2
592,20130221-1500-COMMITTEE-LIBE_en_61_0
593,20120918-0900-COMMITTEE-AFCO_en_293_0
594,20120425-0900-SPECIAL-UNKN_en_129_0
595,20140121-0900-COMMITTEE-AFCO_en_110_0
596,20160510-0900-PLENARY-12_en_61_0
597,20130917-1500-COMMITTEE-INTA_en_179_0
598,20171128-0900-COMMITTEE-PETI_en_321_0
599,20190118-1600-SPECIAL-EUROSCOLA_en_188_1
600,20101122-0900-PLENARY-17_en_25_0
601,20180321-1430-COMMITTEE-INTA_en_188_1
602,20200706-1400-COMMITTEE-ENVI_en_6_1
603,20140929-2000-COMMITTEE-HEARING2014NM3_en_192_1
604,20200903-1645-COMMITTEE-PETI_en_63_1
605,20100323-0900-COMMITTEE-ITRE_en_141_0
606,20141007-1215-COMMITTEE-ENVI_en_56_1
607,20150922-1500-COMMITTEE-PECH_en_283_0
608,20160510-0900-PLENARY-16_en_70_0
609,20150715-1500-COMMITTEE-ENVI_en_144_0
610,20160321-1500-COMMITTEE-TAX2_en_349_0
611,20170912-0900-PLENARY-16_en_71_1
612,20181128-0900-PLENARY_en_975_0
613,20160121-0830-COMMITTEE-CONT_en_39_0
614,20200928-1345-COMMITTEE-IMCO_en_17_0
615,20170323-1400-SPECIAL-UNKN_en_65_0
616,20111123-0930-SPECIAL-UNKN_en_33_0
617,20150601-1530-COMMITTEE-DEVE_en_205_0
618,20150119-1500-COMMITTEE-TRAN_en_109_1
619,20101209-0900-COMMITTEE-IMCO_en_85_0
620,20160606-1900-COMMITTEE-AFET_en_109_1
621,20111123-1130-SPECIAL_en_57_1
622,20130318-1500-COMMITTEE-AGRI_en_59_1
623,20150506-1230-SPECIAL-STOA_en_128_1
624,20161129-0900-COMMITTEE-INTA_en_78_1
625,20190115-0900-PLENARY_en_1408_0
626,20100125-1500-COMMITTEE-DROI_en_72_0
627,20201026-1645-COMMITTEE-AGRI_en_179_1
628,20120711-0900-COMMITTEE-ITRE_en_272_0
629,20141103-1500-COMMITTEE-ECON_en_16_0
630,20160314-1500-COMMITTEE-AGRI_en_258_1
631,20150226-1500-COMMITTEE-PETI_en_253_0
632,20101215-0900-PLENARY-3_en_246_1
633,20131210-0900-PLENARY-25_en_20_1
634,20110119-0900-PLENARY-13_en_9_0
635,20200525-1400-COMMITTEE-LIBE_en_145_1
636,20110315-0900-COMMITTEE-AGRI_en_181_0
637,20200622-0900-COMMITTEE-AFET_en_84_0
638,20120912-0900-PLENARY-3_en_67_0
639,20200602-1200-COMMITTEE-CULT_en_18_1
640,20121106-0900-COMMITTEE-JURI_en_79_1
641,20170612-1900-COMMITTEE-ENVI_en_96_0
642,20180320-1430-COMMITTEE-DEVE_en_137_1
643,20141016-0900-COMMITTEE-AFET_en_42_0
644,20161024-2030-COMMITTEE-AFET_en_19_0
645,20150224-0900-COMMITTEE-TRAN_en_49_1
646,20130121-1500-COMMITTEE-LIBE_en_73_1
647,20120228-1500-COMMITTEE-IMCO_en_370_0
648,20111208-0900-COMMITTEE-DEVE_en_300_1
649,20130528-1530-COMMITTEE-DEVE_en_264_0
650,20170912-0900-PLENARY-17_en_61_0
651,20110414-0900-COMMITTEE-DROI_en_152_0
652,20100519-0900-PLENARY-10_en_241_1
653,20140924-1000-COMMITTEE-FEMM_en_142_0
654,20181121-1000-COMMITTEE-ITRE_en_184_1
655,20130129-1500-COMMITTEE-ECON_en_46_0
656,20120320-1500-COMMITTEE-SEDE_en_52_1
657,20110126-0900-COMMITTEE-AFCO_en_353_1
658,20161108-0900-COMMITTEE-EMPL_en_62_1
659,20101109-0900-COMMITTEE-EMPL_en_94_1
660,20170123-1500-COMMITTEE-LIBE_en_215_0
661,20200903-1645-COMMITTEE-INTA_en_91_0
662,20110519-0900-COMMITTEE-SEDE_en_207_0
663,20141202-0900-COMMITTEE-PETI_en_240_1
664,20140311-0900-PLENARY-5_en_48_1
665,20110413-1500-COMMITTEE-INTA_en_134_0
666,20120126-0900-COMMITTEE-EMPL_en_238_1
667,20140122-0930-COMMITTEE-DROI_en_71_0
668,20130123-0900-COMMITTEE-BUDG_en_131_1
669,20130923-1500-COMMITTEE-REGI_en_3_1
670,20200122-0900-COMMITTEE-EMPL_en_7_1
671,20120321-1500-COMMITTEE-AFET_en_159_2
672,20120327-1700-COMMITTEE-ECON-ECON-EMPL_en_186_1
673,20090930-1500-COMMITTEE-SEDE_en_301_0
674,20120426-1500-COMMITTEE-REGI_en_330_1
675,20110315-0900-COMMITTEE-INTA_en_271_1
676,20091130-1619-COMMITTEE-PETI-MONETTE_en_53_0
677,20150415-0900-PLENARY-17_en_3_1
678,20161110-0900-COMMITTEE-INTA_en_150_0
679,20110413-0900-COMMITTEE-BUDG_en_181_0
680,20111107-1500-COMMITTEE-ENVI_en_18_0
681,20100316-0900-COMMITTEE-ECON_en_235_0
682,20110308-0900-PLENARY-4_en_27_0
683,20170530-1500-COMMITTEE-PANA_en_119_0
684,20140211-0900-COMMITTEE-DEVE_en_265_2
685,20120508-1500-COMMITTEE-AFET_en_70_0
686,20120214-0900-PLENARY-11_en_71_2
687,20180619-0900-COMMITTEE-EMPL_en_341_1
688,20160322-0900-COMMITTEE-PECH_en_25_0
689,20101108-1500-COMMITTEE-EMPL_en_238_0
690,20170322-0900-COMMITTEE-CULT_en_221_1
691,20200121-0900-COMMITTEE-AFET_en_100_1
692,20161011-0900-COMMITTEE-DEVE_en_3_0
693,20090218-0900-PLENARY-10_en_29_0
694,20120124-0900-COMMITTEE-ECON_en_33_1
695,20160421-1000-SPECIAL-UNKN_en_185_1
696,20200508-1500-SPECIAL-STOA_en_10_0
697,20140115-0900-PLENARY-3_en_231_2
698,20160621-1500-COMMITTEE-PETI_en_198_0
699,20100426-1500-COMMITTEE-SEDE_en_23_0
700,20170530-1630-SPECIAL-UNKN_en_14_1
701,20140930-1415-COMMITTEE-HEARING2014DA2_en_33_1
702,20160714-0900-COMMITTEE-PETI_en_151_0
703,20120425-1500-COMMITTEE-ENVI_en_213_0
704,20200219-1500-COMMITTEE-INTA_en_28_0
705,20110704-0900-PLENARY-24_en_12_0
706,20140506-0930-SPECIAL_en_73_0
707,20120313-0900-PLENARY-4_en_77_0
708,20151029-0930-SPECIAL-UNKN_en_47_1
709,20180620-0900-COMMITTEE-INTA_en_69_0
710,20171130-1600-SPECIAL-UNKN_en_177_0
711,20171122-0900-COMMITTEE-DROI_en_47_0
712,20171122-0900-COMMITTEE-PETI_en_197_0
713,20131126-1500-COMMITTEE-AFET_en_315_0
714,20190226-1530-COMMITTEE-LIBE_en_260_0
715,20100601-1500-COMMITTEE-PECH_en_40_0
716,20180702-0900-PLENARY_en_661_1
717,20100223-1500-COMMITTEE-IMCO_en_249_0
718,20180123-0900-COMMITTEE-INTA_en_120_2
719,20180125-1600-SPECIAL-UNKN_en_12_1
720,20180116-1600-SPECIAL-UNKN_en_19_0
721,20170405-0900-PLENARY-22_en_102_2
722,20140715-0900-PLENARY-12_en_33_1
723,20091202-0900-COMMITTEE-BUDG_en_106_1
724,20100322-1500-COMMITTEE-JURI_en_87_0
725,20121113-1530-COMMITTEE-ECON-EMPL_en_170_1
726,20141202-0900-SPECIAL-UNKN_en_191_0
727,20130220-1500-COMMITTEE-INTA_en_202_1
728,20120703-0900-PLENARY-8_en_70_0
729,20161012-0900-COMMITTEE-SEDE_en_22_1
730,20130905-0900-COMMITTEE-INTA_en_116_1
731,20110216-0900-PLENARY-12_en_51_1
732,20111017-1500-COMMITTEE-DROI_en_238_0
733,20141007-1330-COMMITTEE-HEARING2014JH_en_95_0
734,20150311-0900-PLENARY-3_en_65_1
735,20150224-1500-COMMITTEE-DEVE_en_273_0
736,20170124-1500-COMMITTEE-LIBE_en_152_1
737,20150506-1500-COMMITTEE-ECON_en_22_0
738,20100907-0900-PLENARY-8_en_191_1
739,20140212-0900-COMMITTEE-FEMM_en_2_0
740,20140305-0930-SPECIAL-UNKN_en_232_1
741,20170711-1500-COMMITTEE-AGRI_en_45_1
742,20190122-1430-COMMITTEE-IMCO_en_88_0
743,20130709-0900-COMMITTEE-PETI_en_228_1
744,20121113-1550-SPECIAL_en_95_1
745,20120125-0900-COMMITTEE-LIBE_en_141_0
746,20180619-0900-SPECIAL-OTHER_en_307_2
747,20171115-0900-PLENARY-11_en_16_0
748,20170608-1130-COMMITTEE-FEMM_en_41_0
749,20190925-1430-COMMITTEE-SEDE_en_233_1
750,20151001-0900-COMMITTEE-DROI_en_18_1
751,20130415-1900-COMMITTEE-AFCO_en_118_0
752,20100114-1801-SPECIAL_en_34_1
753,20120321-0900-COMMITTEE-IMCO_en_296_0
754,20110323-0900-PLENARY-14_en_7_0
755,20120919-1000-COMMITTEE-AFET_en_182_0
756,20101201-0900-COMMITTEE-ITRE_en_251_1
757,20160216-1130-SPECIAL-UNKN_en_189_0
758,20190402-1000-COMMITTEE-ITRE_en_247_1
759,20090929-1500-COMMITTEE-IMCO_en_293_0
760,20100623-1700-COMMITTEE-CULT_en_42_0
761,20170124-1500-COMMITTEE-REGI_en_288_0
762,20120112-1043-COMMITTEE-PETI_en_198_0
763,20100421-0900-PLENARY-9_en_83_0
764,20110510-1100-SPECIAL-UNKN_en_16_0
765,20120615-1000-SPECIAL-UNKN_en_257_1
766,20131008-0900-PLENARY-19_en_33_0
767,20101109-1500-COMMITTEE-PETI_en_134_0
768,20170321-1530-COMMITTEE-INTA_en_110_0
769,20101209-0900-COMMITTEE-REGI_en_275_0
770,20160707-1030-COMMITTEE-LIBE_en_20_2
771,20180206-0900-PLENARY-20_en_87_0
772,20100601-1500-COMMITTEE-INTA_en_241_0
773,20200219-1600-COMMITTEE-ITRE-IMCO_en_122_1
774,20130916-1500-COMMITTEE-AGRI_en_49_0
775,20150907-0900-PLENARY-20_en_3_0
776,20100204-0900-COMMITTEE-DEVE_en_114_1
777,20110607-0900-PLENARY-10_en_117_1
778,20180117-0900-PLENARY-20_en_48_0
779,20180425-1430-COMMITTEE-SEDE_en_235_0
780,20180425-0900-COMMITTEE-CONT_en_216_1
781,20100622-0900-COMMITTEE-LIBE_en_24_0
782,20200615-1645-COMMITTEE-EMPL_en_87_0
783,20180515-1430-COMMITTEE-DROI_en_12_1
784,20161107-1500-COMMITTEE-ENVI_en_234_0
785,20110302-1443-SPECIAL_en_86_1
786,20100906-0900-PLENARY-9_en_60_1
787,20181121-1430-COMMITTEE-AGRI_en_278_0
788,20110913-0900-PLENARY-8_en_11_0
789,20160926-1500-COMMITTEE-SEDE_en_30_0
790,20180704-0900-PLENARY-21_en_35_0
791,20160204-0900-PLENARY-5_en_64_0
792,20150223-1500-COMMITTEE-AFET_en_120_0
793,20130411-0900-COMMITTEE-ECON_en_242_1
794,20180910-1900-COMMITTEE-ECON_en_36_0
795,20180424-1430-COMMITTEE-BUDG-ENVI_en_75_0
796,20150610-0900-PLENARY-15_en_68_1
797,20180702-0900-PLENARY-4_en_10_1
798,20141216-0900-PLENARY-13_en_43_1
799,20160419-0900-COMMITTEE-REGI_en_87_1
800,20120321-1500-COMMITTEE-AFET_en_241_1
801,20170425-1500-COMMITTEE-ITRE3_en_41_1
802,20180227-1500-COMMITTEE-TRAN_en_135_0
803,20171005-0900-PLENARY-3_en_66_0
804,20130529-0900-SPECIAL-UNKN_en_13_0
805,20130205-0900-PLENARY-15_en_44_0
806,20100113-1300-SPECIAL_en_204_1
807,20120419-0900-PLENARY-3_en_175_0
808,20180417-0900-PLENARY-4_en_300_0
809,20170712-1500-COMMITTEE-CONT_en_178_0
810,20190219-1000-COMMITTEE-JURI_en_55_0
811,20131014-1500-COMMITTEE-DEVE_en_254_1
812,20150121-1500-COMMITTEE-INTA_en_56_0
813,20101209-0900-COMMITTEE-ITRE_en_335_0
814,20120423-1500-COMMITTEE-DEVE_en_57_0
815,20101109-0900-COMMITTEE-PECH_en_235_1
816,20190314-0900-PLENARY_en_143_2
817,20100622-1500-COMMITTEE-AFET_en_346_1
818,20131127-1500-COMMITTEE-BUDG_en_177_1
819,20130702-0900-PLENARY-8_en_23_0
820,20180326-1500-COMMITTEE-CONT_en_191_1
821,20160217-0945-COMMITTEE-PECH_en_23_0
822,20180124-1148-COMMITTEE-JURI_en_61_0
823,20190307-1400-SPECIAL-OTHER_en_127_2
824,20151125-0900-PLENARY-16_en_429_0
825,20120910-0900-PLENARY-16_en_69_0
826,20140304-1300-COMMITTEE-ENVI_en_62_0
827,20130916-1500-COMMITTEE-JURI_en_187_0
828,20170531-0900-PLENARY-10_en_53_1
829,20161013-0900-COMMITTEE-CONT_en_288_1
830,20121025-0900-PLENARY-8_en_0_0
831,20110126-1500-COMMITTEE-FEMM_en_195_1
832,20170209-1600-SPECIAL-UNKN_en_81_1
833,20120508-0900-COMMITTEE-DROI_en_92_0
834,20130321-0900-COMMITTEE-ENVI_en_225_1
835,20190107-1530-COMMITTEE-LIBE_en_48_1
836,20141104-0900-COMMITTEE-BUDG_en_61_1
837,20100316-0900-COMMITTEE-FEMM_en_201_1
838,20140317-1500-COMMITTEE-ECON_en_35_1
839,20141105-0900-COMMITTEE-ITRE_en_283_1
840,20160427-1900-COMMITTEE-JURI-IMCO_en_122_1
841,20101129-1500-COMMITTEE-IMCO_en_204_1
842,20151019-1530-COMMITTEE-DEVE_en_61_0
843,20111011-0900-COMMITTEE-AFET_en_161_1
844,20120320-1500-COMMITTEE-LIBE_en_2_1
845,20121004-0900-COMMITTEE-BUDG_en_71_1
846,20181018-0900-COMMITTEE-LIBE_en_63_1
847,20120917-1500-COMMITTEE-EMPL_en_290_1
848,20200128-0900-COMMITTEE-CONT_en_168_1
849,20180906-0900-COMMITTEE-LIBE_en_386_1
850,20201028-0900-COMMITTEE-BUDG_en_37_0
851,20141202-0900-COMMITTEE-PETI_en_13_1
852,20160224-0900-PLENARY-7_en_77_1
853,20090902-0900-COMMITTEE-BUDG_en_181_0
854,20150903-0900-COMMITTEE-ENVI_en_138_1
855,20100520-0900-PLENARY-4_en_36_0
856,20150226-1500-COMMITTEE-PETI_en_168_1
857,20111129-1400-SPECIAL-UNKN_en_218_1
858,20120510-1500-COMMITTEE-BUDG_en_22_0
859,20130417-0900-PLENARY-13_en_144_0
860,20100128-0900-COMMITTEE_en_9_1
861,20130123-1500-COMMITTEE-DROI_en_299_0
862,20190402-1445-COMMITTEE-LIBE_en_96_0
863,20150211-0900-PLENARY-3_en_337_1
864,20180524-1600-SPECIAL_en_73_2
865,20120530-1500-COMMITTEE-IMCO_en_215_0
866,20101109-0900-COMMITTEE-BUDG_en_72_1
867,20110126-0900-COMMITTEE-LIBE_en_10_0
868,20160217-0900-COMMITTEE-DROI_en_307_0
869,20141104-0900-COMMITTEE-AFET_en_270_1
870,20130918-1500-COMMITTEE-ENVI_en_59_1
871,20111116-0900-PLENARY-8_en_118_0
872,20151201-1500-COMMITTEE-AGRI_en_104_1
873,20090210-1500-COMMITTEE-AFET_en_354_1
874,20150223-1500-COMMITTEE-DEVE_en_259_0
875,20130208-1600-SPECIAL-EUROSCOLA_en_159_0
876,20160114-0900-COMMITTEE-AFET_en_158_1
877,20150615-1500-COMMITTEE-AFET_en_48_0
878,20180315-0930-SPECIAL-UNKN_en_90_0
879,20100323-0900-COMMITTEE-PETI_en_240_1
880,20091215-0945-SPECIAL_en_16_0
881,20091110-0900-COMMITTEE-INTA_en_207_0
882,20131210-0900-PLENARY-16_en_75_1
883,20160217-1500-COMMITTEE-SEDE_en_109_0
884,20101109-1000-COMMITTEE-ECON_en_220_0
885,20160425-1500-COMMITTEE-ECON_en_22_0
886,20190925-1430-COMMITTEE-SEDE_en_215_1
887,20150528-1500-COMMITTEE-ITRE_en_66_0
888,20170503-1500-COMMITTEE-TRAN_en_289_1
889,20160525-1900-COMMITTEE-AGRI_en_74_0
890,20121126-1500-COMMITTEE-AFET_en_142_0
891,20150506-0900-COMMITTEE-IMCO_en_185_1
892,20140211-0900-COMMITTEE-DEVE_en_153_0
893,20150520-0900-PLENARY-23_en_164_2
894,20140327-1600-SPECIAL-UNKN_en_88_0
895,20120320-1500-COMMITTEE-LIBE_en_359_1
896,20120912-0900-PLENARY-14_en_88_1
897,20101026-1500-COMMITTEE-AGRI_en_184_1
898,20140722-1500-COMMITTEE-LIBE_en_210_1
899,20131218-1700-COMMITTEE-AFET_en_142_1
900,20150914-1500-COMMITTEE-AGRI_en_81_1
901,20090831-1500-COMMITTEE-AFCO_en_35_0
902,20190227-1530-COMMITTEE-ENVI_en_29_2
903,20170504-1430-SPECIAL-UNKN_en_88_1
904,20110614-1500-COMMITTEE-ENVI_en_116_0
905,20191121-1400-COMMITTEE-LIBE_en_142_1
906,20171005-0900-PLENARY-5_en_24_1
907,20120712-1500-COMMITTEE-BUDG_en_191_1
908,20110110-1500-COMMITTEE-LIBE_en_369_1
909,20180425-1430-COMMITTEE-SEDE_en_178_0
910,20190402-0900-COMMITTEE-LIBE_en_2_0
911,20180911-0900-PLENARY-witholdRO_en_689_0
912,20100128-0900-COMMITTEE-DEVE_en_267_1
913,20141001-1500-COMMITTEE-HEARING2014JH3_en_271_0
914,20170228-0900-COMMITTEE-INTA_en_187_1
915,20121106-1500-COMMITTEE-INTA_en_301_1
916,20130612-0900-PLENARY-15_en_118_1
917,20120920-1500-COMMITTEE-LIBE_en_228_0
918,20191008-1100-SPECIAL-HEARING-4Q2_en_16_1
919,20100317-0900-COMMITTEE-DEVE_en_67_0
920,20180514-1500-COMMITTEE-CONT_en_68_1
921,20140318-1500-SPECIAL-UNKN_en_0_1
922,20111219-1500-COMMITTEE-ECON_en_362_0
923,20160114-0900-COMMITTEE-AFCO_en_98_2
924,20140121-1500-SPECIAL-UNKN_en_54_0
925,20101129-1100-SPECIAL_en_5_0
926,20160223-1500-COMMITTEE-CONT_en_361_1
927,20110712-0900-COMMITTEE-ECON_en_144_0
928,20111011-0900-COMMITTEE-AFCO_en_83_0
929,20130218-1530-COMMITTEE-DEVE_en_115_0
930,20160621-0900-COMMITTEE-ENVI_en_119_0
931,20101214-0900-PLENARY-8_en_2_1
932,20150302-1500-COMMITTEE-AFET_en_384_0
933,20121128-1500-COMMITTEE-DROI_en_334_1
934,20200212-0900-PLENARY_en_552_1
935,20090211-0855-COMMITTEE-AFET_en_264_0
936,20201116-1615-COMMITTEE-ENVI_en_77_0
937,20160511-1500-SPECIAL-UNKN_en_70_2
938,20170904-1500-COMMITTEE-SEDE_en_364_1
939,20091210-0900-COMMITTEE-INTA_en_121_0
940,20130221-0900-COMMITTEE-AFET_en_88_0
941,20180601-1630-SPECIAL-17_en_81_1
942,20130114-0900-PLENARY-14_en_48_0
943,20150121-1500-COMMITTEE-SEDE_en_76_0
944,20110907-1439-SPECIAL-UNKN_en_271_1
945,20140912-0937-COMMITTEE-ECON-DRAGHI_en_17_1
946,20100316-1500-COMMITTEE-ENVI_en_115_1
947,20100323-0900-COMMITTEE-CONT_en_38_1
948,20170619-1500-COMMITTEE-AGRI_en_54_1
949,20180619-1500-SPECIAL-OTHER_en_86_1
950,20091105-0900-COMMITTEE-AFET_en_232_1
951,20150909-0900-PLENARY-18_en_30_1
952,20170622-0900-COMMITTEE-PECH_en_42_1
953,20100622-0900-COMMITTEE-ENVI_en_101_1
954,20160301-0900-SPECIAL-UNKN_en_85_0
955,20170907-0900-COMMITTEE-PETI_en_17_2
956,20170608-1400-COMMITTEE-LIBE_en_49_0
957,20161108-0900-COMMITTEE-EMIS_en_117_0
958,20100126-0900-COMMITTEE-ENVI_en_88_0
959,20180130-1314-SPECIAL-UNKN_en_222_1
960,20130121-1500-COMMITTEE-DEVE_en_247_0
961,20180528-0900-PLENARY-28_en_20_1
962,20170928-0900-COMMITTEE-IMCO_en_197_1
963,20121105-1500-COMMITTEE-DEVE_en_247_1
964,20150430-0900-PLENARY-5_en_95_0
965,20200206-0900-COMMITTEE-ECON_en_1_0
966,20131218-0930-COMMITTEE-ECON_en_53_0
967,20101130-1500-COMMITTEE-ENVI_en_219_0
968,20180829-1430-COMMITTEE-BUDG_en_10_1
969,20170424-1500-COMMITTEE-PETI_en_156_0
970,20200915-0900-PLENARY_en_20_0
971,20150714-1500-COMMITTEE-DEVE_en_27_0
972,20171115-1600-SPECIAL-UNKN_en_51_1
973,20141007-1000-COMMITTEE-HEARING2014JK_en_354_1
974,20131126-0900-COMMITTEE-ECON_en_71_0
975,20090211-0900-COMMITTEE-EMPL_en_93_0
976,20110210-1500-COMMITTEE-IMCO_en_35_1
977,20180516-1430-COMMITTEE-AGRI_en_5_1
978,20130121-1500-COMMITTEE-DEVE_en_136_1
979,20150209-1900-COMMITTEE-AFET_en_229_1
980,20180124-0930-COMMITTEE-FEMM_en_278_1
981,20151027-0900-PLENARY-14_en_13_0
982,20190311-0900-PLENARY_en_689_1
983,20120621-1500-COMMITTEE-ENVI_en_81_0
984,20180824-0930-SPECIAL-OTHER_en_430_0
985,20190211-0900-PLENARY_en_542_1
986,20111220-1500-COMMITTEE-ENVI_en_164_1
987,20090219-0900-PLENARY-10_en_52_2
988,20131217-1500-COMMITTEE-TRAN_en_135_0
989,20181115-0900-PLENARY_en_49_0
990,20150507-1500-COMMITTEE-LIBE_en_31_1
991,20200511-1000-COMMITTEE-DROI_en_187_0
992,20130326-1430-COMMITTEE-ENVI_en_98_0
993,20131106-1400-SPECIAL_en_254_0
994,20180124-1430-COMMITTEE-PECH_en_180_0
995,20150923-0900-COMMITTEE-LIBE_en_384_0
996,20190115-0900-PLENARY_en_789_1
997,20151027-0900-PLENARY-18_en_93_1
998,20100607-1700-SPECIAL_en_207_0
999,20151116-1500-COMMITTEE-LIBE_en_235_0
1000,20160315-0900-COMMITTEE-CONT_en_337_1
1001,20101004-1500-COMMITTEE-AFCO_en_294_1
1002,20160705-1630-SPECIAL-UNKN_en_10_0
1003,20181121-1000-COMMITTEE-ITRE_en_59_1
1004,20101027-1500-COMMITTEE-TRAN_en_219_1
1005,20181119-1400-SPECIAL-CONFERENCE_en_104_1
1006,20180602-1200-SPECIAL22_en_144_1
1007,20160713-0900-COMMITTEE-DROI_en_295_1
1008,20161122-1030-SPECIAL-UNKN_en_3_0
1009,20191111-1500-COMMITTEE-LIBE_en_145_0
1010,20110301-0900-COMMITTEE-LIBE_en_15_0
1011,20191112-1430-COMMITTEE-PETI_en_127_1
1012,20181122-1000-COMMITTEE-AGRI_en_85_0
1013,20130709-0900-COMMITTEE-LIBE_en_158_0
1014,20150610-0900-PLENARY-10_en_51_0
1015,20170911-0900-PLENARY-22_en_21_1
1016,20180620-1430-COMMITTEE-INTA_en_100_0
1017,20190117-0900-PLENARY_en_337_0
1018,20151119-1500-COMMITTEE-AFCO_en_207_0
1019,20150312-0900-PLENARY-9_en_29_1
1020,20180221-1500-COMMITTEE-AGRI_en_154_0
1021,20170213-1930-COMMITTEE-AGRI_en_145_0
1022,20181128-0900-PLENARY_en_863_0
1023,20150121-0900-COMMITTEE-ENVI_en_390_1
1024,20110404-0900-PLENARY-14_en_198_0
1025,20141201-1500-SPECIAL-UNKN_en_373_1
1026,20101209-0900-COMMITTEE-AFET_en_139_1
1027,20100114-0900-COMMITTEE-DROI_en_241_0
1028,20160926-1500-COMMITTEE-TRAN_en_147_1
1029,20191125-1900-COMMITTEE-BUDG_en_75_1
1030,20160205-1600-SPECIAL-UNKN_en_108_1
1031,20170516-1600-SPECIAL-UNKN_en_11_1
1032,20120619-1500-COMMITTEE-ECON_en_179_0
1033,20120920-1500-COMMITTEE-LIBE_en_162_0
1034,20160912-1900-COMMITTEE-LIBE_en_112_1
1035,20100322-1500-COMMITTEE-TRAN_en_65_1
1036,20170322-0930-COMMITTEE-IMCO_en_5_0
1037,20160712-0900-COMMITTEE-LIBE_en_105_1
1038,20180515-1430-COMMITTEE-EMPL_en_72_2
1039,20200218-1000-COMMITTEE-ITRE_en_134_0
1040,20160706-0900-PLENARY-3_en_16_0
1041,20170125-1500-COMMITTEE-IMCO_en_139_1
1042,20100127-0900-COMMITTEE-IMCO_en_90_0
1043,20110712-0900-COMMITTEE-AFCO_en_41_1
1044,20150610-1400-SPECIAL_en_7_0
1045,20180322-0900-SPECIAL-UNKN3_en_118_2
1046,20121206-0900-COMMITTEE-AFET_en_50_0
1047,20120319-1500-COMMITTEE-AGRI_en_353_1
1048,20180327-1430-COMMITTEE-EMPL_en_102_1
1049,20141120-0900-COMMITTEE-DROI_en_257_1
1050,20110502-1500-COMMITTEE-ECON_en_362_1
1051,20140311-0900-PLENARY-5_en_91_0
1052,20110914-0900-PLENARY-14_en_81_0
1053,20120125-1500-COMMITTEE-EMPL_en_313_1
1054,20160513-1600-SPECIAL-UNKN_en_146_0
1055,20200508-1500-SPECIAL-STOA_en_6_0
1056,20100624-0900-COMMITTEE-SEDE_en_115_1
1057,20101201-0900-COMMITTEE-ECON_en_128_0
1058,20141203-0900-COMMITTEE-DROI_en_81_0
1059,20110621-0900-COMMITTEE-ENVI_en_284_1
1060,20161122-1600-COMMITTEE-ECON_en_36_1
1061,20101019-0900-PLENARY-4_en_63_0
1062,20160309-0900-PLENARY-17_en_142_0
1063,20150316-1500-COMMITTEE-SEDE_en_47_0
1064,20150226-1500-COMMITTEE-CULT-EMPL_en_239_2
1065,20170406-0900-PLENARY-4_en_138_1
1066,20101027-1500-COMMITTEE-AFET_en_271_1
1067,20110913-0900-PLENARY-6_en_18_1
1068,20111220-1500-COMMITTEE-ECON_en_300_1
1069,20160125-1500-COMMITTEE-AGRI_en_5_2
1070,20110412-0900-COMMITTEE-JURI_en_26_1
1071,20110524-1500-COMMITTEE-LIBE_en_237_1
1072,20100316-0900-COMMITTEE-CONT_en_118_0
1073,20180424-1530-COMMITTEE-INTA_en_119_0
1074,20160315-0900-COMMITTEE-IMCO_en_305_1
1075,20100928-1500-COMMITTEE-ENVI_en_188_1
1076,20120712-1500-COMMITTEE-PETI_en_157_0
1077,20151118-1430-SPECIAL-UNKN_en_173_2
1078,20181010-0900-COMMITTEE-LIBE_en_101_2
1079,20111115-0900-PLENARY-5_en_75_0
1080,20110926-0900-PLENARY-15_en_2_2
1081,20190211-0900-PLENARY_en_288_1
1082,20160315-0900-COMMITTEE-FEMM_en_64_1
1083,20090928-1500-COMMITTEE-ECON_en_374_1
1084,20171120-1500-COMMITTEE-IMCO_en_16_0
1085,20171130-1600-SPECIAL-UNKN_en_115_0
1086,20100428-0900-COMMITTEE-INTA_en_261_0
1087,20111005-0900-COMMITTEE-CULT_en_297_1
1088,20100415-0900-COMMITTEE-CRIS_en_279_1
1089,20181212-1230-SPECIAL-PRESSER_en_27_0
1090,20100928-0900-COMMITTEE-CONT_en_264_0
1091,20150708-1730-SPECIAL-UNKN_en_14_0
1092,20181018-1600-SPECIAL-EUROSCOLA_en_183_1
1093,20111108-1430-SPECIAL-UNKN_en_206_0
1094,20150518-0900-PLENARY-14_en_103_1
1095,20141106-0900-COMMITTEE-INTA_en_369_1
1096,20130221-0900-COMMITTEE-IMCO_en_152_0
1097,20190404-1000-SPECIAL-EUROSCOLA_en_208_1
1098,20160526-1430-SPECIAL-UNKN_en_120_1
1099,20200708-0900-PLENARY_en_414_1
1100,20200527-1645-COMMITTEE-BUDG_en_144_1
1101,20181121-1030-COMMITTEE-BUDG_en_160_1
1102,20181127-0930-COMMITTEE-PETI_en_206_0
1103,20120919-0930-SPECIAL_en_303_0
1104,20090209-1500-COMMITTEE-DROI_en_311_1
1105,20160217-0900-COMMITTEE-DROI_en_54_0
1106,20160404-1500-COMMITTEE-CONT_en_176_0
1107,20130507-1500-COMMITTEE-AFET_en_32_1
1108,20170712-1500-COMMITTEE-AFCO_en_34_0
1109,20141216-0900-PLENARY-11_en_74_1
1110,20200114-0900-PLENARY_en_1390_1
1111,20100223-1500-COMMITTEE-BUDG_en_278_0
1112,20090218-0900-PLENARY-13_en_126_0
1113,20120619-0900-COMMITTEE-PETI_en_12_2
1114,20131119-0900-PLENARY-1_en_138_1
1115,20111121-1500-COMMITTEE-CONT_en_89_1
1116,20190321-0900-COMMITTEE-ECON_en_110_0
1117,20100713-1500-COMMITTEE-AFET_en_75_1
1118,20160608-0900-PLENARY-3_en_86_1
1119,20161025-1500-SPECIAL-UNKN_en_2_0
1120,20160905-1500-COMMITTEE-ITRE_en_257_1
1121,20121003-1500-COMMITTEE-BUDG_en_58_1
1122,20140211-0900-COMMITTEE-IMCO_en_266_1
1123,20180221-1430-COMMITTEE-AFET_en_142_0
1124,20191022-0900-PLENARY_en_586_0
1125,20200902-1345-COMMITTEE-ECON_en_4_1
1126,20151008-0900-PLENARY-3_en_6_0
1127,20120515-1700-COMMITTEE-AFET_en_38_0
1128,20101027-0900-COMMITTEE-AFET_en_344_1
1129,20120424-1030-COMMITTEE-ITRE-TRAN_en_84_0
1130,20160308-0900-PLENARY-4_en_1_1
1131,20090316-1500-COMMITTEE-INTA_en_61_1
1132,20150210-0900-PLENARY-18_en_40_1
1133,20150922-1500-COMMITTEE-INTA_en_190_0
1134,20180425-1430-COMMITTEE-EMPL_en_324_1
1135,20100504-1500-COMMITTEE-AGRI_en_126_0
1136,20150922-0900-COMMITTEE-INTA_en_314_1
1137,20141007-0900-COMMITTEE-AFET_en_28_1
1138,20150506-1500-COMMITTEE-FEMM_en_152_1
1139,20160119-0900-PLENARY-6_en_49_2
1140,20090929-1500-COMMITTEE-AGRI_en_0_0
1141,20131126-1500-COMMITTEE-AFET_en_93_0
1142,20160526-1430-COMMITTEE-LIBE_en_8_1
1143,20180710-0900-COMMITTEE-TRAN_en_0_0
1144,20100412-1500-COMMITTEE-ECON_en_371_0
1145,20141117-1500-COMMITTEE-ECON_en_258_1
1146,20191204-1430-COMMITTEE-AGRI_en_427_0
1147,20170124-0900-COMMITTEE-ENVI_en_75_1
1148,20190219-1615-COMMITTEE-LIBE_en_19_1
1149,20120508-0900-COMMITTEE-LIBE_en_88_0
1150,20171204-1500-COMMITTEE-ECON_en_86_0
1151,20141217-0900-PLENARY-13_en_105_0
1152,20110928-0900-PLENARY-7_en_91_0
1153,20190321-0900-COMMITTEE-REGI_en_115_1
1154,20100304-0900-COMMITTEE-ENVI_en_268_0
1155,20180425-0900-COMMITTEE-EMPL_en_162_1
1156,20100419-0900-PLENARY-18_en_21_1
1157,20120530-0900-COMMITTEE-FEMM_en_133_0
1158,20101201-0900-COMMITTEE-ENVI_en_274_0
1159,20101129-1500-COMMITTEE-IMCO_en_150_1
1160,20121128-1500-COMMITTEE-ENVI_en_81_2
1161,20100602-0900-COMMITTEE-DEVE_en_164_1
1162,20110920-0900-COMMITTEE-JURI_en_60_0
1163,20161027-0930-SPECIAL-UNKN_en_143_0
1164,20180516-0900-COMMITTEE-AGRI_en_101_1
1165,20160705-0900-PLENARY-5_en_359_1
1166,20140109-0900-COMMITTEE-ENVI-ITRE_en_54_0
1167,20130122-1500-COMMITTEE-CONT_en_6_0
1168,20101026-0900-COMMITTEE-LIBE_en_56_0
1169,20131017-0900-COMMITTEE-ECON_en_183_1
1170,20191002-1500-COMMITTEE-REGI_en_30_0
1171,20150226-1000-COMMITTEE-SEDE_en_259_1
1172,20181008-1500-COMMITTEE-ECON_en_36_1
1173,20160414-0900-PLENARY-9_en_92_0
1174,20090330-1500-COMMITTEE-IMCO_en_158_1
1175,20190905-0900-COMMITTEE-DEVE_en_201_1
1176,20190613-1100-COMMITTEE-_en_82_1
1177,20191106-1000-COMMITTEE-DEVE_en_52_1
1178,20160119-0900-PLENARY-4_en_149_0
1179,20120320-1500-COMMITTEE-ENVI_en_226_1
1180,20130207-0900-PLENARY-3_en_93_1
1181,20130627-1100-COMMITTEE-AFET_en_132_0
1182,20120301-1500-COMMITTEE-ENVI_en_109_1
1183,20101202-0900-COMMITTEE-CULT_en_264_2
1184,20140128-1630-SPECIAL_en_104_1
1185,20091006-0900-COMMITTEE-LIBE_en_98_1
1186,20180619-0900-COMMITTEE-ECON_en_96_2
1187,20120327-0900-COMMITTEE-CULT_en_193_1
1188,20131128-1400-COMMITTEE-LIBE_en_162_0
1189,20110110-1500-COMMITTEE-DROI_en_224_0
1190,20121217-1530-COMMITTEE-REGI_en_90_1
1191,20170323-0900-COMMITTEE-ITRE_en_162_0
1192,20150127-0900-COMMITTEE-PETI_en_95_0
1193,20110614-1500-COMMITTEE-PETI_en_209_1
1194,20130320-0900-COMMITTEE-AFET_en_312_1
1195,20150413-1500-COMMITTEE-PECH_en_105_1
1196,20130618-1500-SPECIAL-UNKN_en_259_0
1197,20160606-0900-PLENARY-14_en_20_0
1198,20110621-1600-COMMITTEE-CONT_en_254_0
1199,20121126-1500-COMMITTEE-CULT_en_86_0
1200,20101206-1500-COMMITTEE-SEDE_en_170_0
1201,20110315-1500-COMMITTEE-ITRE_en_290_2
1202,20201026-1345-COMMITTEE-INTA_en_4_1
1203,20090120-1500-COMMITTEE-TRAN_en_49_1
1204,20170621-1100-COMMITTEE-ITRE-ENVI_en_39_2
1205,20090910-0900-COMMITTEE-DROI_en_46_1
1206,20110322-1500-COMMITTEE-ECON_en_423_0
1207,20110712-1500-COMMITTEE-IMCO_en_357_0
1208,20150505-1500-COMMITTEE-AFCO_en_110_1
1209,20100113-1431-SPECIAL_en_268_0
1210,20151118-1430-SPECIAL-UNKN_en_202_0
1211,20200507-0900-COMMITTEE-AGRI_en_45_1
1212,20130618-0900-COMMITTEE-INTA_en_94_1
1213,20101026-1500-COMMITTEE-PECH_en_78_1
1214,20130926-0900-COMMITTEE-ITRE_en_45_1
1215,20100128-0900-COMMITTEE-PETI_en_120_1
1216,20120917-1500-COMMITTEE-AFCO_en_277_1
1217,20130306-1300-SPECIAL-UNKN_en_134_2
1218,20181001-0900-PLENARY_en_351_0
1219,20190415-0900-PLENARY_en_134_0
1220,20140318-1500-SPECIAL-UNKN_en_182_0
1221,20141120-0900-COMMITTEE-EMPL_en_73_1
1222,20111011-1500-COMMITTEE-DEVE-DEVE-DROI_en_11_1
1223,20180124-0900-COMMITTEE-BUDG_en_10_1
1224,20190304-1730-COMMITTEE-AFET_en_9_0
1225,20150922-0900-COMMITTEE-SEDE_en_328_1
1226,20170123-1500-COMMITTEE-ENVI_en_44_1
1227,20150119-1500-COMMITTEE-REGI_en_37_0
1228,20180531-1000-COMMITTEE-REGI_en_53_0
1229,20150129-1000-SPECIAL-UNKN2_en_24_1
1230,20170322-0900-COMMITTEE-JURI_en_286_1
1231,20180122-1500-COMMITTEE-INTA_en_259_1
1232,20181120-0900-COMMITTEE-CULT_en_303_0
1233,20130527-1630-COMMITTEE-AFET_en_326_2
1234,20181122-1400-SPECIAL-DELEGATIONS_en_7_0
1235,20100602-1500-COMMITTEE-AFCO_en_240_0
1236,20101014-0915-COMMITTEE-TRAN_en_194_0
1237,20120703-0900-PLENARY-6_en_131_2
1238,20140318-0900-COMMITTEE-CONT_en_164_1
1239,20111010-1500-COMMITTEE-JURI_en_16_1
1240,20151109-1500-COMMITTEE-CONT_en_97_0
1241,20150714-1500-COMMITTEE-CONT_en_151_1
1242,20100913-1500-COMMITTEE-SEDE_en_162_0
1243,20160926-1500-COMMITTEE-JURI_en_3_0
1244,20121127-0945-COMMITTEE-JURI_en_53_2
1245,20120125-0900-COMMITTEE-DROI_en_100_1
1246,20140226-0900-PLENARY-16_en_214_1
1247,20200128-0900-COMMITTEE-CONT_en_282_1
1248,20120703-0900-PLENARY-13_en_87_0
1249,20180125-1000-SPECIAL-UNKN_en_152_1
1250,20150907-0900-PLENARY-16_en_211_1
1251,20090112-0900-PLENARY-11_en_171_1
1252,20170228-1545-COMMITTEE-LIBE_en_13_1
1253,20110615-1500-COMMITTEE-EMPL_en_93_0
1254,20101014-1430-SPECIAL_en_67_1
1255,20090204-0900-PLENARY-14_en_17_1
1256,20150714-0900-COMMITTEE-SEDE_en_341_0
1257,20161128-1700-COMMITTEE-CONT-DEVE_en_39_0
1258,20120209-0900-COMMITTEE-DROI_en_35_0
1259,20130506-1500-COMMITTEE-ENVI_en_92_0
1260,20171127-1500-COMMITTEE-CONT_en_251_0
1261,20160315-1630-COMMITTEE-CONT_en_72_1
1262,20160420-0900-COMMITTEE-IMCO-INTA_en_135_1
1263,20090929-1500-COMMITTEE-ITRE_en_186_1
1264,20180119-1000-SPECIAL-UNKN_en_7_0
1265,20120703-0900-PLENARY-4_en_162_1
1266,20160216-1500-COMMITTEE-TRAN_en_218_1
1267,20091012-1500-COMMITTEE-ITRE_en_182_0
1268,20101027-1500-COMMITTEE-AFET_en_107_0
1269,20200716-1345-COMMITTEE-DEVE_en_56_0
1270,20111011-1500-COMMITTEE-PECH_en_219_0
1271,20130425-0900-COMMITTEE-JURI_en_40_0
1272,20151201-1500-COMMITTEE-ENVI_en_119_0
1273,20180912-0900-PLENARY_en_668_0
1274,20200128-1800-COMMITTEE-AFET_en_27_1
1275,20140929-2000-COMMITTEE-HEARING2014NM3_en_122_1
1276,20170831-0900-COMMITTEE-AGRI_en_112_0
1277,20111123-1500-COMMITTEE-AGRI_en_212_1
1278,20120924-1500-COMMITTEE-ITRE_en_51_1
1279,20161013-1400-COMMITTEE-CONT_en_124_0
1280,20110831-1500-COMMITTEE-ECON_en_228_2
1281,20111003-1500-COMMITTEE-LIBE_en_180_1
1282,20170904-1500-COMMITTEE-AFCO_en_116_1
1283,20141105-1500-COMMITTEE-AGRI_en_87_0
1284,20181011-0900-COMMITTEE-LIBE_en_113_1
1285,20170201-0946-SPECIAL-UNKN_en_118_0
1286,20111004-0900-COMMITTEE-DROI_en_11_0
1287,20090331-0900-COMMITTEE-IMCO_en_6_1
1288,20190924-1430-COMMITTEE-PECH_en_259_1
1289,20150305-0900-COMMITTEE-LIBE_en_373_1
1290,20170626-1600-COMMITTEE-IMCO_en_184_2
1291,20120229-0900-COMMITTEE-ENVI_en_213_1
1292,20100426-1500-COMMITTEE-PETI_en_106_1
1293,20200121-0900-COMMITTEE-LIBE_en_127_0
1294,20130122-0900-COMMITTEE-DEVE_en_163_1
1295,20170712-1500-COMMITTEE-AFCO_en_7_1
1296,20131118-1900-COMMITTEE-ECON_en_90_1
1297,20151013-0900-COMMITTEE-TRAN_en_167_0
1298,20200217-1530-COMMITTEE-SEDE_en_134_0
1299,20110125-1500-COMMITTEE-INTA_en_146_1
1300,20120906-1500-COMMITTEE-IMCO_en_99_0
1301,20150226-0900-COMMITTEE-AFCO-PETI_en_282_0
1302,20101201-1500-COMMITTEE-PECH_en_43_0
1303,20141103-1500-COMMITTEE-DEVE_en_387_0
1304,20151208-1500-SPECIAL-UNKN_en_27_2
1305,20181120-1515-COMMITTEE-ENVI_en_48_0
1306,20130529-1500-COMMITTEE-AFET_en_113_0
1307,20140212-0900-COMMITTEE-INTA_en_35_1
1308,20150330-1500-COMMITTEE-AFET_en_11_1
1309,20181011-1000-SPECIAL-5G2_en_101_1
1310,20100913-1500-SPECIAL_en_114_1
1311,20091015-1500-COMMITTEE-ITRE_en_102_0
1312,20130121-1500-COMMITTEE-ECON_en_20_1
1313,20100428-0900-COMMITTEE-IMCO_en_347_0
1314,20150122-0900-COMMITTEE-IMCO_en_238_0
1315,20170607-1330-SPECIAL-UNKN_en_230_2
1316,20180321-1430-COMMITTEE-ITRE_en_231_1
1317,20130611-1050-SPECIAL-UNKN_en_31_0
1318,20181127-1815-SPECIAL-CONFERENCE_en_1_0
1319,20130618-1500-COMMITTEE-CONT-LIBE_en_280_0
1320,20090325-0900-PLENARY-3_en_46_1
1321,20130423-1430-SPECIAL-UNKN_en_17_1
1322,20191106-1500-COMMITTEE-LIBE_en_122_0
1323,20161108-0900-SPECIAL-UNKN_en_39_1
1324,20181213-0900-PLENARY_en_293_0
1325,20151026-1900-COMMITTEE-CONT_en_45_1
1326,20180703-0950-SPECIAL-PRESSER_en_24_0
1327,20201120-1000-COMMITTEE-ANIT_en_38_0
1328,20200219-1430-COMMITTEE-PECH_en_130_1
1329,20160316-0900-COMMITTEE-BUDG_en_206_1
1330,20131120-0900-PLENARY-18_en_129_0
1331,20091005-1500-COMMITTEE-ENVI_en_210_1
1332,20181009-0900-COMMITTEE-PETI_en_157_1
1333,20180711-0900-COMMITTEE-CONT_en_38_0
1334,20111024-0900-PLENARY-12_en_121_1
1335,20110125-1500-COMMITTEE-EMPL_en_243_0
1336,20201026-0900-COMMITTEE-AFET_en_97_0
1337,20131127-1500-COMMITTEE-REGI_en_85_2
1338,20100408-0900-COMMITTEE-BUDG_en_92_1
1339,20130218-1530-COMMITTEE-ECON_en_62_0
1340,20100504-0900-COMMITTEE-AFET_en_116_0
1341,20110713-0900-COMMITTEE-AFET_en_298_0
1342,20110524-1515-COMMITTEE-DEVE_en_106_0
1343,20150610-0900-PLENARY-6_en_13_0
1344,20170407-1000-SPECIAL-UNKN_en_238_0
1345,20180927-0900-SPECIAL-CONFERENCE_en_309_0
1346,20120424-0900-COMMITTEE-FEMM_en_254_1
1347,20180321-0900-COMMITTEE-AFCO_en_237_0
1348,20160913-0900-PLENARY-16_en_54_0
1349,20170322-0900-COMMITTEE-ECON_en_120_0
1350,20150921-1500-COMMITTEE-CULT_en_99_0
1351,20150318-1500-COMMITTEE-INTA_en_339_1
1352,20130320-1500-COMMITTEE-CULT_en_111_1
1353,20190917-1500-SPECIAL-OTHER_en_9_0
1354,20090916-0900-PLENARY-3_en_84_1
1355,20131024-0900-PLENARY-10_en_25_0
1356,20180514-1500-COMMITTEE-TRAN_en_103_0
1357,20161010-1500-COMMITTEE-PECH_en_177_0
1358,20150915-0900-COMMITTEE-TRAN_en_29_1
1359,20191002-1000-COMMITTEE-PECH_en_168_1
1360,20130326-1500-COMMITTEE-BUDG_en_21_0
1361,20131120-0900-PLENARY-16_en_298_1
1362,20090112-0900-PLENARY-12_en_33_0
1363,20100831-1400-COMMITTEE-DEVE_en_33_0
1364,20180515-0900-COMMITTEE-TRAN_en_233_0
1365,20120906-0900-COMMITTEE-EMPL_en_333_1
1366,20121113-1550-SPECIAL_en_109_2
1367,20171023-0900-PLENARY-18_en_24_0
1368,20150226-1400-COMMITTEE-BUDG-ECON_en_143_2
1369,20150210-0900-PLENARY-12_en_95_0
1370,20120425-0900-COMMITTEE-IMCO_en_98_0
1371,20140225-0900-PLENARY-11_en_235_1
1372,20100407-1630-COMMITTEE-AFET_en_140_1
1373,20130306-1300-SPECIAL-UNKN_en_390_1
1374,20180502-0900-PLENARY-18_en_60_0
1375,20091105-0900-SPECIAL_en_38_1
1376,20160915-0900-COMMITTEE-BUDG_en_31_1
1377,20100316-1500-COMMITTEE-BUDG_en_46_1
1378,20120327-0900-COMMITTEE-EMPL_en_110_1
1379,20130320-0900-COMMITTEE-BUDG_en_212_0
1380,20150709-0900-PLENARY-5_en_166_0
1381,20190904-1430-COMMITTEE-ECON_en_269_1
1382,20100929-1500-COMMITTEE-PETI_en_106_1
1383,20130708-1430-COMMITTEE-ECON_en_307_0
1384,20200605-0900-COMMITTEE-DROI_en_136_0
1385,20110908-0900-COMMITTEE-EMPL_en_78_0
1386,20091202-0900-COMMITTEE-IMCO_en_60_0
1387,20150715-0900-COMMITTEE-LIBE_en_206_0
1388,20120322-1430-SPECIAL-UNKN_en_252_0
1389,20091110-1500-COMMITTEE-DEVE_en_127_0
1390,20110712-0900-COMMITTEE-TRAN_en_281_0
1391,20180626-1400-SPECIAL-OTHER_en_129_0
1392,20190613-1530-COMMITTEE-02G_en_42_0
1393,20130423-0930-SPECIAL-UNKN_en_191_0
1394,20101201-0900-COMMITTEE-INTA_en_136_1
1395,20190924-0900-COMMITTEE-EMPL_en_113_1
1396,20120321-0900-COMMITTEE-ECON_en_70_0
1397,20180312-1930-COMMITTEE-LIBE_en_193_0
1398,20200916-0900-PLENARY_en_553_1
1399,20120529-0900-COMMITTEE-REGI_en_74_0
1400,20140702-0900-PLENARY-12_en_236_0
1401,20160915-0900-PLENARY-7_en_20_0
1402,20181122-0900-COMMITTEE-IMCO_en_6_0
1403,20190123-1430-COMMITTEE-INTA_en_415_1
1404,20110411-1600-COMMITTEE-CRIS_en_85_0
1405,20121127-1500-COMMITTEE-REGI_en_113_1
1406,20171011-1400-COMMITTEE-TERR_en_37_1
1407,20190115-1500-SPECIAL-OTHER_en_113_1
1408,20120522-0900-PLENARY-11_en_26_0
1409,20140930-1930-COMMITTEE-HEARING2014CS3_en_87_1
1410,20200611-0900-COMMITTEE-CONT_en_44_0
1411,20120531-1500-COMMITTEE-EMPL_en_68_0
1412,20120229-0900-COMMITTEE-AFET_en_234_1
1413,20150617-0900-COMMITTEE-DROI_en_207_0
1414,20181011-1000-SPECIAL-5G2_en_136_0
1415,20200122-1430-COMMITTEE-AGRI_en_71_1
1416,20121011-0900-COMMITTEE-REGI_en_310_0
1417,20170123-1500-COMMITTEE-ENVI_en_46_0
1418,20100928-1500-COMMITTEE-ENVI_en_78_0
1419,20190325-0900-PLENARY_en_172_0
1420,20100622-0900-COMMITTEE-LIBE_en_77_1
1421,20130412-1100-SPECIAL_en_38_0
1422,20170529-1500-COMMITTEE-REGI_en_11_1
1423,20130320-0900-COMMITTEE-INTA_en_77_1
1424,20111004-0900-COMMITTEE-PETI_en_108_0
1425,20150224-1500-COMMITTEE-JURI_en_101_0
1426,20111005-1500-COMMITTEE-ITRE_en_172_1
1427,20150211-0900-PLENARY-17_en_134_1
1428,20161012-1500-COMMITTEE-ENVI-ENVI-AGRI-DEVE_en_7_0
1429,20181114-0900-SPECIAL-CONFERENCE_en_77_1
1430,20151001-0900-COMMITTEE-LIBE_en_360_0
1431,20171011-1430-COMMITTEE-ITRE_en_170_1
1432,20120206-1500-COMMITTEE-IMCO_en_236_2
1433,20100624-0900-COMMITTEE-DROI_en_282_0
1434,20121127-1500-COMMITTEE-JURI_en_230_0
1435,20190219-1000-COMMITTEE-AGRI_en_124_2
1436,20120919-1500-COMMITTEE-LIBE_en_203_0
1437,20190219-0900-SPECIAL-OTHER_en_30_0
1438,20120613-0900-PLENARY-8_en_92_1
1439,20160223-1500-COMMITTEE-PETI_en_318_1
1440,20090506-0900-PLENARY-14_en_69_2
1441,20191014-1500-COMMITTEE-JURI_en_32_1
1442,20121129-1500-COMMITTEE-ENVI_en_8_0
1443,20120423-1500-COMMITTEE-ITRE_en_30_1
1444,20170608-1000-SPECIAL-UNKN2_en_35_1
1445,20121107-1615-SPECIAL-UNKN_en_192_0
1446,20170529-1500-COMMITTEE-REGI_en_199_0
1447,20200122-1500-COMMITTEE-BUDG_en_207_0
1448,20171106-1500-COMMITTEE-FEMM_en_23_1
1449,20161123-1500-SPECIAL-UNKN_en_14_0
1450,20130918-0930-COMMITTEE-SEDE_en_282_1
1451,20200903-1345-COMMITTEE-PETI_en_73_0
1452,20120913-0900-PLENARY-5_en_0_1
1453,20110125-0900-COMMITTEE-DEVE_en_257_1
1454,20170213-0900-PLENARY-10_en_79_0
1455,20170711-0930-COMMITTEE-ECON_en_3_0
1456,20130521-0900-PLENARY-7_en_182_0
1457,20100406-1500-COMMITTEE-ENVI_en_357_0
1458,20171123-0900-COMMITTEE-REGI_en_117_1
1459,20100601-0900-COMMITTEE-CONT-BUDG_en_185_0
1460,20180416-0900-PLENARY-21_en_34_2
1461,20100927-1500-COMMITTEE-REGI_en_290_0
1462,20140929-1430-COMMITTEE-HEARING2014KV_en_88_1
1463,20100317-1500-COMMITTEE-REGI_en_155_1
1464,20130529-1000-COMMITTEE-FEMM_en_92_1
1465,20160530-1500-COMMITTEE-IMCO_en_215_1
1466,20111005-0930-SPECIAL-UNKN_en_189_0
1467,20150528-0900-COMMITTEE-EMPL_en_79_0
1468,20100519-0900-PLENARY-10_en_99_1
1469,20190321-1000-SPECIAL-EUROSCOLA_en_278_1
1470,20190417-1430-COMMITTEE-DEVE_en_218_0
1471,20120320-1500-COMMITTEE-ENVI_en_353_2
1472,20100909-0900-PLENARY-3_en_50_0
1473,20191010-0930-SPECIAL-HEARING_en_105_0
1474,20150616-0900-COMMITTEE-ECON_en_141_0
1475,20121022-0900-PLENARY-15_en_37_0
1476,20171128-0900-COMMITTEE-ENVI_en_9_0
1477,20160616-0900-SPECIAL-EMIS-OMEE_en_216_1
1478,20140511-1400-SPECIAL-EYE_en_80_1
1479,20120426-0900-COMMITTEE-ECON_en_134_0
1480,20111004-1500-COMMITTEE-BUDG_en_138_0
1481,20131210-1030-SPECIAL-UNKN_en_9_0
1482,20160523-1545-COMMITTEE-INTA_en_106_1
1483,20180424-1430-COMMITTEE-TERR_en_155_0
1484,20180626-1400-SPECIAL-CONFERENCE_en_364_0
1485,20200604-0900-COMMITTEE-LIBE_en_159_0
1486,20120710-0900-COMMITTEE-FEMM_en_232_0
1487,20200122-0900-COMMITTEE-AGRI_en_259_1
1488,20120213-0900-PLENARY-12_en_95_0
1489,20161010-1500-COMMITTEE-IMCO_en_178_0
1490,20101201-0900-COMMITTEE-ENVI_en_302_1
1491,20110525-0900-COMMITTEE-AGRI_en_7_1
1492,20170322-1700-COMMITTEE-JURI-EMPL_en_34_0
1493,20110525-1700-SPECIAL_en_2_0
1494,20150521-0900-PLENARY-7_en_14_1
1495,20100608-0930-SPECIAL_en_250_1
1496,20130528-1530-COMMITTEE-DROI_en_147_1
1497,20141113-1432-SPECIAL_en_174_0
1498,20160216-1500-COMMITTEE-IMCO_en_198_0
1499,20161108-1500-COMMITTEE-LIBE_en_290_0
1500,20150526-1500-COMMITTEE-LIBE_en_91_1
1501,20180321-1430-COMMITTEE-DROI-DEVE_en_85_0
1502,20090916-0900-PLENARY-3_en_62_0
1503,20150224-0900-COMMITTEE-LIBE_en_376_2
1504,20120702-0900-PLENARY-13_en_38_0
1505,20170712-1500-COMMITTEE-DEVE_en_318_0
1506,20180118-0930-COMMITTEE-CONT_en_123_1
1507,20170425-0900-SPECIAL-UNKN_en_189_1
1508,20131210-0900-PLENARY-8_en_17_1
1509,20170621-1100-COMMITTEE-ITRE-ENVI_en_64_0
1510,20180111-0900-COMMITTEE-ENVI_en_129_1
1511,20171106-1500-COMMITTEE-AGRI_en_190_1
1512,20180118-0900-PLENARY-3_en_46_1
1513,20110714-0900-COMMITTEE-ENVI_en_324_0
1514,20120612-1500-SPECIAL-UNKN_en_13_1
1515,20141013-1500-COMMITTEE-CONT_en_400_0
1516,20160216-1500-COMMITTEE-IMCO_en_153_1
1517,20160927-0900-COMMITTEE-DEVE_en_208_1
1518,20100304-0900-COMMITTEE-ENVI_en_289_1
1519,20130506-1500-COMMITTEE-AFET_en_88_0
1520,20151214-1900-COMMITTEE-JURI_en_35_1
1521,20121212-1600-SPECIAL-UNKN_en_26_0
1522,20110705-0900-PLENARY-3_en_173_0
1523,20150519-0900-PLENARY-11_en_99_1
1524,20100622-0900-COMMITTEE-BUDG_en_11_1
1525,20181120-1430-COMMITTEE-ECON_en_40_0
1526,20091006-0900-COMMITTEE-IMCO_en_216_0
1527,20180312-1930-COMMITTEE-LIBE_en_204_0
1528,20100930-0900-COMMITTEE-IMCO_en_100_0
1529,20110502-1500-COMMITTEE-LIBE_en_222_0
1530,20180710-1430-COMMITTEE-AGRI_en_110_0
1531,20180227-0900-COMMITTEE-EMPL_en_268_0
1532,20111010-1500-COMMITTEE-TRAN_en_25_0
1533,20101214-0945-SPECIAL_en_5_0
1534,20130703-0900-PLENARY-8_en_77_0
1535,20101202-0900-COMMITTEE-TRAN_en_44_0
1536,20161129-0945-COMMITTEE-JURI_en_99_0
1537,20191107-1200-COMMITTEE-AFET_en_39_0
1538,20100624-1500-COMMITTEE-IMCO_en_188_1
1539,20200214-1600-SPECIAL-EUROSCOLA_en_96_1
1540,20150120-1500-COMMITTEE-JURI_en_315_0
1541,20140723-1500-COMMITTEE-ENVI_en_63_0
1542,20171128-0900-COMMITTEE-AFCO_en_272_1
1543,20110310-0900-PLENARY-5_en_75_1
1544,20170314-0900-PLENARY-10_en_130_0
1545,20131112-1400-SPECIAL-STOA-PODE_en_245_2
1546,20151026-0900-PLENARY-12_en_70_0
1547,20200128-0900-COMMITTEE-CONT_en_116_0
1548,20180206-0900-PLENARY-20_en_21_0
1549,20151030-1600-SPECIAL-UNKN_en_130_1
1550,20150317-0900-COMMITTEE-TRAN_en_247_0
1551,20120229-1500-SPECIAL-STOA_en_78_1
1552,20161012-1115-COMMITTEE-ECON_en_94_0
1553,20160524-1500-COMMITTEE-IMCO-JURI_en_92_2
1554,20131126-1500-COMMITTEE-AGRI_en_82_0
1555,20151203-0930-SPECIAL_en_36_0
1556,20120229-0900-COMMITTEE-PECH_en_57_1
1557,20110413-1500-COMMITTEE-SEDE_en_181_1
1558,20101214-0900-PLENARY-12_en_93_0
1559,20130122-1500-COMMITTEE-CONT_en_305_1
1560,20171204-1500-COMMITTEE-DEVE_en_253_1
1561,20191118-1500-COMMITTEE-ECON_en_85_1
1562,20160217-0900-COMMITTEE-DROI_en_293_0
1563,20111005-1500-COMMITTEE-EMPL_en_107_0
1564,20200220-1400-COMMITTEE-LIBE_en_234_1
1565,20190123-1030-COMMITTEE-BUDG_en_184_1
1566,20160125-1500-COMMITTEE-DEVE_en_186_0
1567,20141201-1500-COMMITTEE-AFET_en_295_0
1568,20160218-0900-COMMITTEE-SEDE_en_323_0
1569,20120312-0900-PLENARY-11_en_147_0
1570,20120118-0900-PLENARY-18_en_70_1
1571,20160126-1400-COMMITTEE-EMPL_en_47_1
1572,20131023-0900-PLENARY-4_en_8_1
1573,20180322-0900-COMMITTEE-PETI_en_59_0
1574,20110308-0900-PLENARY-6_en_35_1
1575,20140314-1600-SPECIAL-UNKN_en_18_1
1576,20200615-0900-COMMITTEE-DEVE_en_199_1
1577,20150120-0900-COMMITTEE-JURI_en_219_1
1578,20140220-1000-COMMITTEE-CONT_en_75_1
1579,20160705-0900-PLENARY-13_en_150_1
1580,20120522-0900-PLENARY-4_en_139_0
1581,20150121-0900-COMMITTEE-ENVI_en_89_0
1582,20101214-0900-PLENARY-11_en_108_1
1583,20110303-0900-COMMITTEE-DEVE_en_170_0
1584,20171106-1500-COMMITTEE-FEMM_en_74_0
1585,20190930-1830-SPECIAL-HEARING-4Q2_en_203_1
1586,20180614-0900-PLENARY_en_357_1
1587,20170913-0900-PLENARY-3_en_134_0
1588,20150423-1600-SPECIAL-UNKN_en_46_1
1589,20101208-1500-COMMITTEE-BUDG_en_24_0
1590,20100602-0900-COMMITTEE-AFET_en_205_0
1591,20110322-0900-COMMITTEE-REGI_en_167_0
1592,20110309-0900-PLENARY-8_en_140_0
1593,20191203-1430-COMMITTEE-ENVI_en_202_1
1594,20091124-0900-PLENARY-14_en_74_1
1595,20191021-0900-PLENARY_en_151_1
1596,20131127-1730-SPECIAL-UNKN_en_125_1
1597,20201116-1345-COMMITTEE-JURI_en_60_0
1598,20110125-0900-COMMITTEE-DROI_en_20_1
1599,20130529-1500-COMMITTEE-REGI_en_265_1
1600,20150120-0900-COMMITTEE-JURI_en_120_0
1601,20130122-0900-COMMITTEE-PECH_en_146_1
1602,20181010-1430-COMMITTEE-AFCO_en_402_1
1603,20140213-1812-SPECIAL_en_5_1
1604,20150616-0900-COMMITTEE-AFET_en_64_1
1605,20130122-0900-COMMITTEE-CONT_en_154_1
1606,20190912-0900-COMMITTEE-LIBE_en_340_0
1607,20141013-1500-COMMITTEE-DROI_en_121_0
1608,20120918-0900-COMMITTEE-CRIM_en_322_0
1609,20121004-1500-COMMITTEE-AFCO_en_343_0
1610,20090212-1400-COMMITTEE-DEVE_en_203_1
1611,20110510-0900-PLENARY-5_en_34_0
1612,20180219-1500-COMMITTEE-LIBE_en_178_0
1613,20110712-1500-COMMITTEE-LIBE_en_59_0
1614,20200219-1500-COMMITTEE-INTA_en_26_1
1615,20180412-0900-COMMITTEE-TRAN_en_319_1
1616,20100427-0900-COMMITTEE-DEVE_en_175_1
1617,20090310-0900-PLENARY-5_en_33_2
1618,20150326-1000-SPECIAL-UNKN_en_164_0
1619,20180620-1430-COMMITTEE-PECH_en_144_0
1620,20140217-1500-COMMITTEE-CONT_en_144_1
1621,20121212-1500-SPECIAL-UNKN_en_22_1
1622,20150309-1900-COMMITTEE-AFET_en_7_0
1623,20200210-0900-PLENARY_en_232_0
1624,20100601-0900-COMMITTEE-TRAN_en_285_1
1625,20141031-1000-SPECIAL-UNKN_en_134_0
1626,20130627-0900-COMMITTEE-LIBE_en_113_1
1627,20181210-2115-COMMITTEE-JURI_en_0_1
1628,20161020-0900-COMMITTEE-CONT_en_190_0
1629,20121010-0900-COMMITTEE-ENVI_en_50_0
1630,20170503-1500-COMMITTEE-AFET-SEDE_en_43_1
1631,20120329-1500-COMMITTEE-INTA_en_68_1
1632,20181011-0900-COMMITTEE-IMCO_en_40_1
1633,20170503-0930-COMMITTEE-AFCO_en_146_1
1634,20100128-0900-COMMITTEE-FEMM_en_41_2
1635,20150224-1500-COMMITTEE-TRAN_en_34_0
1636,20180320-0900-COMMITTEE-TRAN_en_57_0
1637,20170323-1400-SPECIAL-UNKN2_en_39_0
1638,20160427-0900-PLENARY-15_en_81_0
1639,20120919-1000-COMMITTEE-INTA_en_13_0
1640,20190225-1600-COMMITTEE-LIBE_en_196_0
1641,20150119-0900-COMMITTEE-DROI-INTA_en_136_0
1642,20170511-0900-COMMITTEE-FEMM_en_7_0
1643,20200219-1500-COMMITTEE-CONT_en_66_1
1644,20110711-1500-COMMITTEE-JURI_en_108_1
1645,20121205-0900-SPECIAL_en_45_1
1646,20100127-0900-COMMITTEE-INTA_en_192_1
1647,20150528-0900-COMMITTEE-LIBE_en_320_1
1648,20101122-0900-PLENARY-14_en_75_1
1649,20101201-0900-COMMITTEE-ECON_en_33_1
1650,20170327-1700-COMMITTEE-LIBE_en_160_1
1651,20181025-0830-COMMITTEE-CONT_en_17_1
1652,20200928-1345-COMMITTEE-ENVI_en_28_1
1653,20181126-1500-COMMITTEE-ECON_en_77_1
1654,20160225-0900-PLENARY-4_en_125_1
1655,20120320-0900-COMMITTEE-PETI_en_14_1
1656,20170123-1500-COMMITTEE-CONT_en_121_1
1657,20091006-0900-COMMITTEE-JURI_en_52_0
1658,20100715-1500-COMMITTEE-PETI_en_195_0
1659,20180321-0900-COMMITTEE-ITRE_en_12_0
1660,20110118-0900-PLENARY-4_en_25_1
1661,20111005-0900-COMMITTEE-IMCO_en_87_1
1662,20111123-1500-COMMITTEE-ITRE_en_160_0
1663,20130916-1500-COMMITTEE-INTA_en_125_0
1664,20110316-0900-COMMITTEE-BUDG_en_52_1
1665,20131217-0900-COMMITTEE-CONT_en_269_0
1666,20100602-0900-COMMITTEE-AFET_en_314_1
1667,20180425-1430-SPECIAL_en_351_0
1668,20170315-0900-PLENARY-3_en_221_0
1669,20120124-1500-COMMITTEE-AGRI_en_136_0
1670,20140205-0900-PLENARY-14_en_18_1
1671,20101027-1500-COMMITTEE-AFET_en_14_0
1672,20110228-1500-COMMITTEE-REGI_en_116_0
1673,20161108-1500-COMMITTEE-EMPL_en_2_0
1674,20110113-0900-COMMITTEE-ITRE_en_155_0
1675,20170201-0900-PLENARY-9_en_161_1
1676,20200213-0900-PLENARY_en_181_1
1677,20100225-1500-COMMITTEE-CRIS_en_356_1
1678,20151001-0900-COMMITTEE-LIBE_en_27_0
1679,20140212-0900-COMMITTEE-ITRE_en_84_0
1680,20180620-1530-COMMITTEE-JURI_en_20_0
1681,20190228-1000-SPECIAL-EUROSCOLA_en_27_0
1682,20120523-0900-PLENARY-3_en_144_1
1683,20130124-1500-COMMITTEE-ENVI_en_205_1
1684,20150507-1500-COMMITTEE-EMPL_en_304_1
1685,20100125-1500-COMMITTEE-ENVI_en_46_0
1686,20141016-0900-COMMITTEE-AFET_en_348_1
1687,20151222-0900-COMMITTEE-LIBE_en_181_1
1688,20121121-0900-PLENARY-12_en_107_1
1689,20120619-1500-COMMITTEE-PETI_en_19_0
1690,20130613-0900-PLENARY-5_en_7_1
1691,20151116-1720-COMMITTEE-TAXE_en_120_1
1692,20150519-0900-PLENARY-14_en_100_1
1693,20191021-1600-SPECIAL-PRESSER_en_49_0
1694,20130916-1615-SPECIAL-UNKN_en_26_1
1695,20170125-1500-COMMITTEE-TRAN_en_3_0
1696,20170316-0900-PLENARY-3_en_72_1
1697,20160510-0900-PLENARY-4_en_67_1
1698,20171004-0900-PLENARY-7_en_0_1
1699,20200114-0900-PLENARY_en_275_1
1700,20160912-0900-PLENARY-15_en_91_0
1701,20101108-1500-COMMITTEE-TRAN_en_116_0
1702,20131010-0900-PLENARY-13_en_22_1
1703,20100114-1431-SPECIAL_en_105_1
1704,20190212-1530-SPECIAL-PRESSER_en_38_1
1705,20130529-1500-COMMITTEE-LIBE_en_221_1
1706,20131105-1600-COMMITTEE-SEDE_en_51_1
1707,20130710-1500-COMMITTEE-REGI_en_168_1
1708,20121008-1500-COMMITTEE-ECON_en_4_1
1709,20180626-1400-SPECIAL-OTHER_en_82_0
1710,20110203-0900-PLENARY-4_en_99_1
1711,20150226-1500-COMMITTEE-PETI_en_225_1
1712,20100125-1600-COMMITTEE-SEDE_en_61_1
1713,20170404-0900-PLENARY-15_en_10_0
1714,20100601-1500-COMMITTEE-LIBE_en_191_0
1715,20150119-1500-COMMITTEE-ITRE_en_77_0
1716,20190116-0900-SPECIAL-OTHER_en_165_0
1717,20201116-1645-COMMITTEE-FISC_en_25_1
1718,20140417-0900-PLENARY-3_en_2_2
1719,20120424-0900-COMMITTEE-DEVE_en_215_0
1720,20120423-1500-COMMITTEE-PECH_en_347_0
1721,20091111-0900-PLENARY-11_en_109_1
1722,20100113-1431-SPECIAL_en_113_1
1723,20201016-0900-COMMITTEE-ANIT_en_4_0
1724,20180222-1330-SPECIAL-UNKN_en_34_1
1725,20180226-1620-COMMITTEE-PECH_en_27_0
1726,20130918-1500-COMMITTEE-PECH_en_12_0
1727,20110614-1500-COMMITTEE-IMCO_en_60_1
1728,20110412-1500-COMMITTEE-LIBE_en_99_0
1729,20200217-1600-COMMITTEE-ECON_en_125_1
1730,20201110-0900-COMMITTEE-CONT-1_en_354_0
1731,20180710-0920-COMMITTEE-INTA_en_288_1
1732,20150617-0900-COMMITTEE-AFCO_en_170_1
1733,20110928-1400-SPECIAL_en_24_1
1734,20111010-1500-COMMITTEE-JURI_en_177_1
1735,20141204-0900-COMMITTEE-IMCO_en_132_2
1736,20140120-1500-COMMITTEE-CONT_en_323_0
1737,20181120-0900-COMMITTEE-SEDE_en_77_1
1738,20120229-0900-COMMITTEE-ENVI_en_41_1
1739,20161013-0900-COMMITTEE-SEDE_en_213_0
1740,20110322-1500-COMMITTEE-ITRE_en_91_0
1741,20190703-0900-PLENARY_en_37_1
1742,20160307-0900-PLENARY-10_en_58_0
1743,20100127-0900-COMMITTEE-LIBE_en_384_0
1744,20200206-0900-COMMITTEE-ECON_en_162_0
1745,20200120-1500-COMMITTEE-PETI_en_4_0
1746,20160524-1500-COMMITTEE-REGI_en_44_0
1747,20200114-0900-PLENARY_en_137_0
1748,20130610-0900-PLENARY-11_en_6_1
1749,20171128-1430-COMMITTEE-LIBE_en_44_1
1750,20140116-0900-PLENARY-7_en_1_1
1751,20180124-1430-COMMITTEE-SEDE_en_255_1
1752,20170425-1500-COMMITTEE-DEVE_en_46_1
1753,20090114-0900-PLENARY-10_en_115_0
1754,20130529-1500-COMMITTEE-TRAN_en_87_0
1755,20111115-1100-SPECIAL-UNKN_en_34_0
1756,20160524-1500-COMMITTEE-TRAN_en_60_0
1757,20140311-0900-PLENARY-15_en_82_1
1758,20110928-0900-PLENARY-4_en_13_1
1759,20150714-1500-COMMITTEE-INTA_en_346_0
1760,20160303-1000-COMMITTEE-UNKN_en_70_2
1761,20181023-0900-PLENARY_en_1148_1
1762,20100119-0900-SPECIAL_en_45_1
1763,20160114-0900-COMMITTEE-AFCO_en_76_0
1764,20101201-0900-COMMITTEE-REGI_en_203_0
1765,20120709-1430-COMMITTEE-ECON_en_15_2
1766,20181009-0900-COMMITTEE-ECON_en_261_1
1767,20180903-1500-COMMITTEE-IMCO_en_154_0
1768,20180924-1500-COMMITTEE-IMCO_en_27_1
1769,20160309-0900-PLENARY-3_en_157_0
1770,20141112-0900-PLENARY-10_en_85_1
1771,20110118-1630-COMMITTEE_en_81_0
1772,20140723-1500-COMMITTEE-REGI_en_129_0
1773,20160316-1500-COMMITTEE-DROI_en_134_1
1774,20150416-0900-COMMITTEE-EMPL_en_73_0
1775,20151201-1500-COMMITTEE-ENVI_en_112_0
1776,20111024-0900-PLENARY-12_en_44_0
1777,20090930-1500-COMMITTEE-DROI_en_74_1
1778,20170613-0900-PLENARY-13_en_9_0
1779,20120607-1200-COMMITTEE-AFET_en_58_2
1780,20180327-0900-COMMITTEE-REGI_en_93_2
1781,20170228-0900-COMMITTEE-AFET_en_252_1
1782,20190313-0900-PLENARY_en_127_0
1783,20110616-0900-COMMITTEE-ITRE_en_255_0
1784,20141007-1600-COMMITTEE-HEARING2014FT3_en_147_1
1785,20150120-1000-COMMITTEE-DEVE-SEDE_en_94_1
1786,20100318-1400-COMMITTEE-AFCO_en_66_1
1787,20110608-0900-PLENARY-3_en_67_0
1788,20180516-1430-COMMITTEE-INTA_en_28_2
1789,20151112-1500-COMMITTEE-PETI_en_78_1
1790,20190226-0900-COMMITTEE-LIBE_en_236_0
1791,20140220-1000-COMMITTEE-CONT_en_63_0
1792,20110214-0900-PLENARY-10_en_0_1
1793,20150903-0900-COMMITTEE-LIBE_en_55_0
1794,20160215-1500-COMMITTEE-REGI_en_273_1
1795,20090309-0900-PLENARY-13_en_18_0
1796,20120327-1000-COMMITTEE-FEMM_en_74_0
1797,20130619-1500-COMMITTEE-EMPL_en_272_0
1798,20120523-0900-PLENARY-3_en_143_0
1799,20191203-1430-COMMITTEE-ENVI_en_73_1
1800,20141111-1500-COMMITTEE-LIBE_en_134_0
1801,20101109-1500-COMMITTEE-INTA_en_111_1
1802,20190903-1430-COMMITTEE-ITRE_en_313_2
1803,20130417-0900-PLENARY-7_en_154_1
1804,20100909-0900-PLENARY-4_en_14_1
1805,20100624-1500-COMMITTEE-IMCO_en_6_0
1806,20161012-1000-COMMITTEE-IMCO_en_18_1
1807,20091109-1500-COMMITTEE-JURI_en_77_1
1808,20150714-1500-COMMITTEE-DROI_en_241_1
1809,20130123-1500-COMMITTEE-EMPL_en_53_1
1810,20120320-1412-SPECIAL-UNKN_en_295_1
1811,20140303-1030-SPECIAL_en_9_0
1812,20120423-1500-COMMITTEE-AGRI_en_71_0
1813,20190307-1000-COMMITTEE-AGRI_en_241_1
1814,20131210-0900-PLENARY-5_en_74_1
1815,20170907-0900-COMMITTEE-ENVI_en_91_0
1816,20110407-0900-PLENARY-10_en_20_0
1817,20180607-1400-COMMITTEE-TAX3_en_120_0
1818,20130618-0900-COMMITTEE-IMCO_en_78_0
1819,20111116-0900-PLENARY-14_en_45_1
1820,20130702-0900-PLENARY-3_en_171_0
1821,20100127-0900-COMMITTEE-LIBE_en_377_0
1822,20110215-1430-SPECIAL-UNKN_en_46_1
1823,20100602-1500-COMMITTEE-DEVE_en_99_0
1824,20141031-1000-SPECIAL-UNKN_en_244_1
1825,20121002-1500-COMMITTEE-AFET_en_90_1
1826,20110322-0900-COMMITTEE-DEVE_en_9_0
1827,20140211-0900-COMMITTEE-AGRI_en_17_0
1828,20180515-1430-COMMITTEE-TAX3_en_126_1
1829,20130123-1500-COMMITTEE-ENVI_en_234_0
1830,20171122-0900-COMMITTEE-DROI_en_33_0
1831,20170213-1900-COMMITTEE-CONT_en_99_1
1832,20180621-0900-COMMITTEE-CONT_en_26_1
1833,20190326-0900-SPECIAL-OTHER_en_152_0
1834,20161215-0930-SPECIAL-UNKNdus_en_120_1
1835,20160831-1500-COMMITTEE-BUDG_en_91_2
1836,20141106-0900-COMMITTEE-ENVI_en_141_0
1837,20170313-1900-COMMITTEE-ENVI_en_20_1
1838,20180601-1430-SPECIAL11_en_11_0
1839,20130522-0900-PLENARY-18_en_124_0
1840,20151207-1500-COMMITTEE-IMCO_en_224_0
1841,20170215-0900-PLENARY-19_en_40_1
1842,20110330-1630-COMMITTEE-AFET_en_180_2
1843,20201022-0900-PLENARY_en_408_0
1844,20150709-0900-PLENARY-9_en_9_1
1845,20101005-1630-COMMITTEE-EMPL-FEMM_en_108_2
1846,20141013-1500-COMMITTEE-SEDE_en_50_2
1847,20100504-1500-COMMITTEE-AFET_en_52_0
1848,20150708-0900-PLENARY-15_en_20_0
1849,20111208-0900-COMMITTEE-LIBE_en_336_0
1850,20200218-1445-SPECIAL-OTHER_en_191_1
1851,20170209-0900-COMMITTEE-EMIS_en_31_1
1852,20120229-1500-COMMITTEE-CONT_en_148_0
1853,20121120-0900-PLENARY-3_en_56_0
1854,20160315-1500-COMMITTEE-AGRI_en_129_1
1855,20120320-1500-COMMITTEE-PECH_en_368_0
1856,20191023-0900-PLENARY_en_703_1
1857,20120703-1100-SPECIAL-UNKN_en_43_1
1858,20180319-1500-COMMITTEE-ENVI_en_99_0
1859,20110125-1500-COMMITTEE-PECH_en_183_1
1860,20121015-1500-COMMITTEE-CONT_en_60_1
1861,20110215-0900-PLENARY-19_en_69_0
1862,20121205-0900-SPECIAL-UNKN_en_201_1
1863,20100504-1000-COMMITTEE-ITRE_en_160_0
1864,20181127-1730-COMMITTEE-AFCO_en_104_1
1865,20150624-0900-PLENARY-14_en_15_1
1866,20090312-0900-PLENARY-4_en_117_1
1867,20180705-0900-SPECIAL-DELEGATIONS_en_144_1
1868,20110414-0930-SPECIAL-UNKN_en_273_1
1869,20111110-1430-COMMITTEE-AFCO-LIBE_en_201_1
1870,20111115-1020-SPECIAL-UNKN_en_32_1
1871,20141002-1030-COMMITTEE-HEARING2014PH3_en_78_0
1872,20141021-0900-PLENARY-14_en_13_1
1873,20160929-0900-COMMITTEE-AFCO_en_186_0
1874,20160322-0900-COMMITTEE-AFET_en_92_1
1875,20100128-0900-COMMITTEE_en_25_0
1876,20141127-0930-SPECIAL-UNKN_en_102_0
1877,20120613-0900-PLENARY-16_en_85_1
1878,20150609-0900-PLENARY-13_en_299_0
1879,20121128-1500-COMMITTEE-ECON_en_120_1
1880,20140701-1430-SPECIAL-UNKN_en_3_2
1881,20160524-1630-COMMITTEE-TAX2-DEVE_en_120_0
1882,20100607-1701-SPECIAL-UNKN_en_1_0
1883,20191212-1000-SPECIAL-EUROSCOLA_en_222_0
1884,20120426-1500-COMMITTEE-REGI_en_270_0
1885,20160218-0900-COMMITTEE-SEDE_en_185_0
1886,20120918-1500-COMMITTEE-INTA_en_14_1
1887,20150121-1500-COMMITTEE-ENVI_en_94_0
1888,20180503-0900-PLENARY-8_en_37_0
1889,20170123-1500-COMMITTEE-ENVI_en_123_0
1890,20130930-1500-COMMITTEE-AGRI_en_191_0
1891,20171121-1430-COMMITTEE-LIBE_en_145_0
1892,20110413-1500-COMMITTEE-INTA_en_94_0
1893,20140723-1500-COMMITTEE-ENVI_en_231_0
1894,20180426-1400-COMMITTEE-PEST_en_48_1
1895,20100427-1102-COMMITTEE-BUDG_en_93_1
1896,20160202-0900-PLENARY-12_en_58_0
1897,20090225-1500-special_20090225-1500-SPECIAL_en_228_1
1898,20130513-1500-COMMITTEE-ITRE_en_132_1
1899,20180319-1615-COMMITTEE-DEVE_en_175_0
1900,20150304-1430-SPECIAL-UNKN_en_152_0
1901,20110228-1500-COMMITTEE-REGI_en_248_1
1902,20170214-0900-PLENARY-3_en_3_0
1903,20090204-0900-PLENARY-17_en_70_0
1904,20151110-1500-COMMITTEE-EMPL_en_101_1
1905,20170928-1430-COMMITTEE-AFCO_en_202_2
1906,20120618-1500-COMMITTEE-TRAN_en_146_0
1907,20150305-1600-SPECIAL-UNKN_en_62_1
1908,20091202-1500-COMMITTEE-AFET_en_115_1
1909,20150921-1500-COMMITTEE-DEVE_en_341_0
1910,20141203-0900-COMMITTEE-DROI_en_136_1
1911,20150923-0900-COMMITTEE-LIBE_en_231_1
1912,20130416-0900-PLENARY-13_en_2_1
1913,20160426-1500-COMMITTEE-BUDG_en_60_1
1914,20100113-1630-SPECIAL_en_91_0
1915,20101109-0900-COMMITTEE-PETI_en_198_1
1916,20100607-1600-SPECIAL_en_11_1
1917,20130321-1000-SPECIAL-UNKN_en_291_2
1918,20101130-0900-COMMITTEE-SEDE_en_119_0
1919,20140121-1500-SPECIAL-UNKN_en_133_1
1920,20171212-0900-PLENARY-19_en_110_1
1921,20090330-1500-COMMITTEE-EMPL_en_243_0
1922,20180910-2015-COMMITTEE-TAX31_en_76_1
1923,20130116-0900-PLENARY-14_en_108_0
1924,20140310-0900-PLENARY-4_en_1_0
1925,20110322-0900-COMMITTEE-CONT_en_215_1
1926,20111004-0900-COMMITTEE-PETI_en_308_1
1927,20130523-0900-PLENARY-8_en_2_0
1928,20130218-1530-COMMITTEE-DEVE_en_262_1
1929,20171026-0900-PLENARY-15_en_79_1
1930,20161012-0900-COMMITTEE-AGRI_en_165_1
1931,20180307-1445-SPECIAL-UNKN_en_49_0
1932,20110316-1500-COMMITTEE-EMPL_en_234_0
1933,20091104-1500-COMMITTEE-IMCO_en_72_0
1934,20130626-1100-COMMITTEE-BUDG_en_36_0
1935,20180620-1500-COMMITTEE-AFCO_en_236_0
1936,20150922-0900-COMMITTEE-INTA_en_227_0
1937,20161108-0800-SPECIAL-UNKN_en_25_0
1938,20170925-1500-COMMITTEE-PECH_en_163_0
1939,20200608-1545-COMMITTEE-ECON_en_98_0
1940,20110915-0900-SPECIAL-UNKN_en_273_2
1941,20170705-0900-PLENARY-15_en_112_1
1942,20111220-0900-COMMITTEE-CONT_en_321_0
1943,20120906-1500-COMMITTEE-IMCO_en_56_0
1944,20151019-1500-COMMITTEE-LIBE_en_201_1
1945,20200509-1100-SPECIAL-OTHER_en_238_1
1946,20160222-1500-COMMITTEE-AGRI_en_203_0
1947,20171120-1500-COMMITTEE-AFET_en_24_1
1948,20120319-1500-COMMITTEE-ITRE_en_127_1
1949,20120907-1100-SPECIAL-UNKN_en_74_1
1950,20151008-0900-PLENARY-4_en_44_0
1951,20191127-0900-PLENARY_en_1199_0
1952,20150511-1500-COMMITTEE-AGRI-ENVI-ITRE-PETI_en_218_1
1953,20120312-0900-PLENARY-11_en_203_2
1954,20171011-0900-COMMITTEE-PETI_en_103_0
1955,20101014-1430-SPECIAL_en_260_1
1956,20090721-1500-COMMITTEE-AFET_en_257_1
1957,20100601-1500-COMMITTEE-BUDG_en_266_1
1958,20200117-1000-SPECIAL-EUROSCOLA_en_77_0
1959,20160608-0900-PLENARY-23_en_2_0
1960,20110412-1600-COMMITTEE-AFET_en_123_1
1961,20201112-0900-PLENARY_en_70_0
1962,20190402-0900-COMMITTEE-LIBE_en_61_1
1963,20161128-1500-COMMITTEE-ECON_en_159_1
1964,20111011-1500-COMMITTEE-JURI_en_98_1
1965,20111213-0900-PLENARY-11_en_10_1
1966,20100623-0900-COMMITTEE-JURI_en_198_1
1967,20181126-1500-COMMITTEE-CONT_en_152_1
1968,20190702-1430-SPECIAL-PRESSER_en_38_1
1969,20161109-1500-COMMITTEE-ECON_en_195_0
1970,20200219-0930-SPECIAL-OTHER_en_41_2
1971,20130220-0900-COMMITTEE-JURI_en_26_0
1972,20091110-1500-COMMITTEE-TRAN_en_28_0
1973,20110127-1430-SPECIAL-UNKN_en_194_1
1974,20180515-1430-COMMITTEE-LIBE_en_220_1
1975,20110525-1500-COMMITTEE-DEVE_en_53_1
1976,20170125-0900-COMMITTEE-ITRE_en_163_1
1977,20181213-0900-PLENARY_en_500_1
1978,20120703-1500-SPECIAL_en_28_0
1979,20121218-1500-COMMITTEE-IMCO_en_28_1
1980,20130711-0900-COMMITTEE-REGI_en_128_2
1981,20180912-0900-PLENARY_en_250_1
1982,20090902-0900-COMMITTEE-IMCO_en_108_2
1983,20131217-0900-COMMITTEE-AGRI_en_202_0
1984,20150326-0900-COMMITTEE-DROI_en_328_0
1985,20181120-1430-COMMITTEE-CONT_en_311_0
1986,20101201-1500-COMMITTEE-EMPL_en_347_1
1987,20120521-0900-PLENARY-11_en_68_0
1988,20171009-1500-COMMITTEE-AGRI_en_137_1
1989,20100504-1500-COMMITTEE-AFET_en_91_0
1990,20130220-0900-COMMITTEE-ITRE_en_101_0
1991,20190219-1000-COMMITTEE-AGRI_en_67_1
1992,20141203-1500-COMMITTEE-IMCO_en_248_0
1993,20150715-1500-COMMITTEE-ECON_en_329_0
1994,20151201-1645-COMMITTEE-ECON-EMPL_en_175_1
1995,20150120-0900-COMMITTEE-JURI_en_203_0
1996,20190220-1000-COMMITTEE-ECON_en_29_1
1997,20171010-1600-COMMITTEE-IMCO_en_137_1
1998,20110413-1500-COMMITTEE-PETI_en_130_2
1999,20130708-1430-COMMITTEE-ECON_en_135_1
2000,20191203-1430-COMMITTEE-SEDE_en_4_0
2001,20171120-1500-COMMITTEE-DEVE_en_227_0
2002,20170322-0900-COMMITTEE-TRAN_en_137_1
2003,20170125-1500-COMMITTEE-DEVE_en_134_0
2004,20181105-1500-COMMITTEE-INTA_en_345_0
2005,20100309-0900-PLENARY-8_en_121_0
2006,20130205-0900-PLENARY-3_en_47_1
2007,20180602-1530-SPECIAL29_en_106_1
2008,20100601-1500-COMMITTEE-INTA_en_72_0
2009,20180710-1430-COMMITTEE-AGRI_en_144_0
2010,20131213-1000-SPECIAL-UNKN_en_125_1
2011,20180419-0900-PLENARY-8_en_73_0
2012,20181010-1500-COMMITTEE-INTA_en_155_1
2013,20091118-1030-SPECIAL_en_56_1
2014,20131209-0900-PLENARY-19_en_16_1
2015,20120712-0900-COMMITTEE-ITRE_en_100_1
2016,20160520-1500-SPECIAL-UNKN_en_1_0
2017,20111011-0900-COMMITTEE-AFCO_en_23_0
2018,20161129-1500-COMMITTEE-ENVI_en_134_1
2019,20110112-1530-SPECIAL_en_21_0
2020,20140930-1930-COMMITTEE-HEARING2014CS3_en_115_0
2021,20180412-0900-COMMITTEE-LIBE_en_181_0
2022,20091203-1000-SPECIAL_en_220_1
2023,20141219-1000-SPECIAL-UNKN_en_241_0
2024,20130411-0900-COMMITTEE-IMCO_en_220_1
2025,20130123-0900-COMMITTEE-ENVI_en_58_1
2026,20161108-1400-SPECIAL-STOA_en_51_0
2027,20160524-1230-COMMITTEE-ECON_en_5_1
2028,20181120-1445-SPECIAL-CONFERENCE_en_323_0
2029,20131217-0900-COMMITTEE-CONT_en_317_0
2030,20161012-1500-COMMITTEE-CONT_en_215_0
2031,20171012-1430-SPECIAL-UNKN2_en_59_1
2032,20180416-0900-PLENARY-19_en_38_1
2033,20170511-1000-COMMITTEE-FEMM-INTA_en_154_2
2034,20170530-0900-COMMITTEE-DEVE_en_18_0
2035,20120508-0900-COMMITTEE-LIBE_en_89_0
2036,20130123-0900-COMMITTEE-ITRE_en_81_0
2037,20111219-1500-COMMITTEE-JURI_en_127_0
2038,20120906-1500-COMMITTEE-IMCO_en_174_0
2039,20190213-0900-PLENARY_en_608_1
2040,20191003-1430-SPECIAL-HEARING-2Q2_en_291_0
2041,20180619-1600-COMMITTEE-BUDG_en_117_1
2042,20150401-1040-COMMITTEE-DEVE-LIBE_en_118_0
2043,20171010-1500-COMMITTEE-FEMM_en_7_1
2044,20190207-0900-COMMITTEE-AGRI_en_159_1
2045,20121008-1500-COMMITTEE-ITRE_en_20_0
2046,20180604-1730-COMMITTEE-LIBE-AFCO-ITRE-JURI_en_204_1
2047,20120530-1500-COMMITTEE-CONT_en_114_0
2048,20160629-0930-COMMITTEE-BUDG_en_85_1
2049,20120424-0900-COMMITTEE-EMPL_en_148_1
2050,20111107-1500-COMMITTEE-AGRI_en_359_0
2051,20150223-1500-COMMITTEE-TRAN_en_33_0
2052,20130320-1500-COMMITTEE-AFET_en_156_0
2053,20170712-1030-COMMITTEE-CONT-ENVI_en_216_0
2054,20150309-0900-PLENARY-13_en_61_0
2055,20180320-1430-COMMITTEE-AGRI_en_207_1
2056,20200123-0900-COMMITTEE-DEVE_en_97_0
2057,20131121-0900-PLENARY-3_en_15_0
2058,20191121-1400-COMMITTEE-LIBE_en_80_0
2059,20160713-1500-COMMITTEE-REGI_en_141_1
2060,20160525-0900-PLENARY-21_en_24_0
2061,20121217-1530-COMMITTEE-FEMM_en_88_1
2062,20130320-0900-COMMITTEE-EMPL_en_244_0
2063,20091104-0900-COMMITTEE-PECH_en_34_2
2064,20140311-1413-SPECIAL-UNKN_en_14_2
2065,20180226-1620-COMMITTEE-PECH_en_29_1
2066,20110523-1500-COMMITTEE-TRAN_en_59_0
2067,20201021-0900-PLENARY_en_431_1
2068,20140923-1500-COMMITTEE-AFET_en_222_1
2069,20170619-1500-COMMITTEE-ECON_en_210_0
2070,20101018-0900-PLENARY-9_en_241_1
2071,20161114-1500-COMMITTEE-PANA_en_40_0
2072,20110914-0900-PLENARY-6_en_2_0
2073,20180621-0900-COMMITTEE-PECH_en_322_1
2074,20130121-1500-COMMITTEE-TRAN_en_352_1
2075,20100504-1500-COMMITTEE-TRAN_en_91_0
2076,20120710-1500-COMMITTEE-LIBE_en_165_0
2077,20101118-0900-COMMITTEE-IMCO_en_222_0
2078,20100602-1500-COMMITTEE-DROI_en_41_0
2079,20121212-0900-PLENARY-15_en_1_1
2080,20101109-0900-COMMITTEE-INTA_en_89_0
2081,20110712-1030-SPECIAL_en_32_1
2082,20140116-0830-COMMITTEE-ECON_en_59_0
2083,20161208-1000-SPECIAL-UNKN_en_231_1
2084,20160303-0900-COMMITTEE-SEDE_en_358_1
2085,20140123-1000-COMMITTEE-CONT_en_33_1
2086,20110524-0900-COMMITTEE-IMCO_en_240_0
2087,20091201-1500-COMMITTEE-PETI_en_62_0
2088,20110126-1500-COMMITTEE-ECON_en_36_1
2089,20091202-1500-COMMITTEE-CONT_en_212_0
2090,20130219-1500-COMMITTEE-REGI_en_79_1
2091,20110831-1500-COMMITTEE-IMCO_en_39_1
2092,20171121-1430-COMMITTEE-AFCO_en_6_0
2093,20121128-1430-COMMITTEE-SEDE_en_144_0
2094,20150617-0900-COMMITTEE-PECH_en_62_0
2095,20140211-0930-COMMITTEE-REGI_en_3_1
2096,20131105-0900-COMMITTEE-AGRI_en_69_1
2097,20150615-1500-COMMITTEE-FEMM_en_293_1
2098,20130916-1500-COMMITTEE-LIBE_en_49_1
2099,20100712-1500-COMMITTEE-AGRI_en_213_1
2100,20151013-0900-COMMITTEE-TRAN_en_309_2
2101,20191217-1130-SPECIAL-PRESSER_en_23_0
2102,20150127-1500-COMMITTEE-AGRI_en_3_0
2103,20101215-0900-PLENARY-15_en_44_0
2104,20110927-0900-PLENARY-11_en_121_0
2105,20180221-1000-COMMITTEE-IMCO_en_81_1
2106,20121217-1530-COMMITTEE-ITRE_en_109_0
2107,20110411-1500-COMMITTEE-TRAN_en_116_0
2108,20160120-0900-PLENARY-22_en_86_0
2109,20120314-0900-PLENARY-11_en_1_0
2110,20160901-0900-COMMITTEE-ECON_en_107_1
2111,20181212-1000-SPECIAL-OTHER_en_142_1
2112,20140115-0900-PLENARY-8_en_40_1
2113,20110616-0900-COMMITTEE-ITRE_en_327_0
2114,20100316-1500-COMMITTEE-ECON_en_296_0
2115,20110614-1500-COMMITTEE-DEVE_en_271_0
2116,20111006-0900-COMMITTEE-LIBE_en_249_0
2117,20140723-1500-COMMITTEE-ENVI_en_267_1
2118,20140115-1200-SPECIAL-UNKN_en_42_0
2119,20100510-1500-COMMITTEE-IMCO_en_291_0
2120,20190130-1530-SPECIAL-OTHER_en_51_0
2121,20190613-1100-COMMITTEE-_en_453_0
2122,20150304-1430-SPECIAL-UNKN_en_57_0
2123,20130321-0900-COMMITTEE-EMPL_en_60_1
2124,20171128-0900-COMMITTEE-AFCO_en_193_1
2125,20100323-1500-COMMITTEE-JURI_en_341_0
2126,20120321-1430-COMMITTEE-ITRE_en_122_1
2127,20170412-0900-COMMITTEE-JURI_en_90_0
2128,20151014-0900-PLENARY-9_en_160_1
2129,20181126-1500-COMMITTEE-CONT_en_0_0
2130,20130521-0900-PLENARY-7_en_62_0
2131,20190402-1430-COMMITTEE-DROI_en_74_1
2132,20171121-1500-COMMITTEE-AFET_en_281_1
2133,20190926-0900-COMMITTEE-ENVI_en_5_0
2134,20160524-0900-COMMITTEE-JURI_en_176_0
2135,20130207-0900-PLENARY-4_en_51_0
2136,20100603-1500-COMMITTEE-CRIS_en_95_1
2137,20160128-0900-COMMITTEE-ITRE_en_186_1
2138,20100928-1530-COMMITTEE-CONT_en_62_0
2139,20150210-0900-PLENARY-2_en_4_1
2140,20140303-1500-COMMITTEE-IMCO_en_14_0
2141,20130710-1500-COMMITTEE-ENVI_en_51_1
2142,20120124-0900-COMMITTEE-IMCO_en_176_0
2143,20090902-1500-COMMITTEE-ITRE_en_94_0
2144,20120215-0900-PLENARY-8_en_2_1
2145,20120712-0900-COMMITTEE-PECH_en_166_1
2146,20130529-1000-COMMITTEE-CONT_en_227_2
2147,20180517-0900-COMMITTEE-TERR_en_257_1
2148,20141126-0900-PLENARY-4_en_22_0
2149,20180607-1400-COMMITTEE-TAX3_en_46_1
2150,20110118-1430-SPECIAL_en_62_1
2151,20140318-1500-COMMITTEE-AFET_en_56_0
2152,20121121-0900-PLENARY-9_en_17_1
2153,20111115-1619-SPECIAL_en_19_1
2154,20151013-0900-COMMITTEE-LIBE_en_243_0
2155,20141203-0900-COMMITTEE-LIBE_en_2_1
2156,20180110-0900-SPECIAL-UNKN_en_57_1
2157,20200120-1500-COMMITTEE-INTA_en_137_0
2158,20091201-0900-COMMITTEE-SEDE_en_188_1
2159,20110405-0900-PLENARY-3_en_116_0
2160,20180117-0900-PLENARY-22_en_9_0
2161,20160315-0900-COMMITTEE-AFET_en_224_0
2162,20150205-0900-COMMITTEE-BUDG_en_3_0
2163,20150716-1500-COMMITTEE-LIBE_en_27_1
2164,20160407-0900-COMMITTEE-ITRE_en_192_0
2165,20150121-1400-COMMITTEE-LIBE_en_499_1
2166,20180316-1000-SPECIAL-UNKN_en_14_0
2167,20160223-1500-COMMITTEE-CONT_en_268_1
2168,20171023-2030-COMMITTEE-AFCO_en_58_1
2169,20180417-0900-PLENARY-7_en_18_0
2170,20150915-0930-SPECIAL-UNKN_en_152_0
2171,20170712-0900-COMMITTEE-IMCO_en_186_0
2172,20110125-1000-COMMITTEE-SEDE_en_185_1
2173,20120516-0900-COMMITTEE-LIBE_en_195_1
2174,20161012-0900-COMMITTEE-JURI_en_153_1
2175,20130320-1500-COMMITTEE-AFET_en_159_1
2176,20100421-0900-PLENARY-7_en_114_1
2177,20101201-0900-COMMITTEE-ITRE_en_141_0
2178,20091130-1500-COMMITTEE-SEDE_en_307_2
2179,20190219-1000-COMMITTEE-JURI_en_77_1
2180,20110125-1500-COMMITTEE-IMCO_en_97_1
2181,20091007-0900-PLENARY-16_en_20_0
2182,20110119-0900-PLENARY-9_en_65_1
2183,20201119-0900-COMMITTEE-ECON_en_226_1
2184,20170403-0900-PLENARY-14_en_82_0
2185,20151214-0900-PLENARY-14_en_58_1
2186,20151028-0900-PLENARY-12_en_52_0
2187,20180711-0900-COMMITTEE-ECON_en_190_1
2188,20140114-0900-PLENARY-12_en_80_0
2189,20170112-1500-COMMITTEE-EMIS_en_92_0
2190,20100118-1800-SPECIAL_en_383_0
2191,20160524-1500-COMMITTEE-TRAN_en_83_1
2192,20131121-0900-PLENARY-5_en_23_1
2193,20110316-0900-COMMITTEE-PECH_en_47_1
2194,20140210-1500-COMMITTEE-IMCO_en_53_1
2195,20100304-0900-COMMITTEE-DROI_en_238_1
2196,20120619-1500-COMMITTEE-ECON_en_320_1
2197,20141013-1630-COMMITTEE-FEMM_en_197_1
2198,20130424-0900-COMMITTEE-INTA_en_2_0
2199,20180515-1430-COMMITTEE-SEDE_en_98_1
2200,20101027-1500-COMMITTEE-TRAN_en_211_0
2201,20200203-1500-COMMITTEE-AFET_en_60_1
2202,20110615-1500-COMMITTEE-AFET_en_163_0
2203,20151201-1500-COMMITTEE-ITRE-IMCO_en_4_1
2204,20120125-1500-COMMITTEE-PECH_en_103_0
2205,20120227-1500-COMMITTEE-FEMM_en_57_1
2206,20130123-0942-COMMITTEE-JURI_en_307_0
2207,20190917-0900-PLENARY_en_441_1
2208,20140121-0930-SPECIAL-UNKN_en_44_1
2209,20150224-0900-COMMITTEE-LIBE_en_368_2
2210,20150304-1100-SPECIAL_en_47_0
2211,20141006-1500-COMMITTEE-AFCO_en_37_0
2212,20120206-1500-COMMITTEE-AGRI_en_247_0
2213,20160913-0900-PLENARY-14_en_119_1
2214,20130711-1000-COMMITTEE-DROI_en_181_1
2215,20110413-0900-COMMITTEE-IMCO_en_166_1
2216,20131217-1500-COMMITTEE-TRAN_en_55_1
2217,20130109-0930-SPECIAL_en_15_1
2218,20180417-1500-SPECIAL-UNKN_en_27_1
2219,20100929-1500-COMMITTEE-PETI_en_349_0
2220,20100323-0900-COMMITTEE-ECON_en_201_1
2221,20151001-0900-COMMITTEE-SEDE_en_113_0
2222,20130911-0900-PLENARY-3_en_17_0
2223,20190115-1500-SPECIAL-OTHER_en_23_0
2224,20170131-0930-COMMITTEE-EMPL_en_47_1
2225,20180123-0900-COMMITTEE-PETI_en_157_1
2226,20170511-1000-SPECIAL-UNKN_en_46_0
2227,20101006-0900-PLENARY-10_en_154_1
2228,20171204-1500-COMMITTEE-EMPL_en_48_0
2229,20110207-1500-COMMITTEE-BUDG_en_214_1
2230,20111129-1400-SPECIAL-UNKN_en_249_1
2231,20170411-1500-COMMITTEE-LIBE_en_197_0
2232,20150707-1030-SPECIAL-UNKN24_en_11_1
2233,20200123-0830-COMMITTEE-ITRE_en_431_0
2234,20150708-0900-PLENARY-5_en_162_0
2235,20160615-1500-COMMITTEE-LIBE_en_130_1
2236,20190918-0900-PLENARY_en_825_1
2237,20141001-1930-COMMITTEE-HEARING2014MAC3_en_157_1
2238,20181121-1030-COMMITTEE-BUDG_en_171_1
2239,20110322-0900-COMMITTEE-REGI_en_39_1
2240,20111123-1500-COMMITTEE-REGI_en_210_1
2241,20150520-0900-PLENARY-14_en_13_1
2242,20190115-1500-SPECIAL-OTHER_en_177_1
2243,20160421-0900-COMMITTEE-DEVE_en_43_1
2244,20120620-0930-SPECIAL_en_10_1
2245,20130319-0900-COMMITTEE-ITRE_en_225_2
2246,20200210-0900-PLENARY_en_643_1
2247,20150507-1000-COMMITTEE-ITRE_en_19_1
2248,20160711-1500-COMMITTEE-ECON-BUDG_en_134_0
2249,20201015-1130-COMMITTEE-ENVI_en_54_1
2250,20131003-0900-COMMITTEE-LIBE_en_113_0
2251,20141204-1500-COMMITTEE-ENVI_en_45_1
2252,20110201-0900-COMMITTEE-PECH_en_52_1
2253,20190212-0900-PLENARY_en_208_1
2254,20201028-0900-COMMITTEE-PETI_en_117_0
2255,20131104-1500-COMMITTEE-CULT_en_110_0
2256,20190326-0900-PLENARY_en_1237_1
2257,20090202-0900-PLENARY-10_en_1_1
2258,20190904-1430-COMMITTEE-DEVE_en_79_1
2259,20171121-0900-COMMITTEE-CONT_en_144_0
2260,20110412-0900-COMMITTEE-AGRI_en_56_1
2261,20170502-1500-COMMITTEE-AGRI_en_76_0
2262,20130709-0900-COMMITTEE-AGRI_en_266_0
2263,20150617-0900-COMMITTEE-ECON_en_212_1
2264,20110524-0900-COMMITTEE-BUDG_en_375_0
2265,20151013-1500-COMMITTEE-TRAN_en_299_0
2266,20150203-1115-COMMITTEE-ECON_en_34_0
2267,20100713-1500-COMMITTEE-INTA_en_291_0
2268,20120229-1500-COMMITTEE-ECON_en_247_1
2269,20130520-0900-PLENARY-12_en_82_1
2270,20191002-1430-COMMITTEE-PETI_en_78_0
2271,20140923-0900-COMMITTEE-REGI_en_243_1
2272,20130619-0900-COMMITTEE-BUDG_en_6_0
2273,20140304-0900-COMMITTEE-BUDG_en_65_2
2274,20120529-1500-COMMITTEE-SEDE_en_96_1
2275,20170503-0930-COMMITTEE-AFCO_en_51_0
2276,20150205-0900-COMMITTEE-DROI_en_38_0
2277,20181127-1515-SPECIAL-CONFERENCE-3C50_en_9_0
2278,20191129-1600-SPECIAL-EUROSCOLA_en_140_0
2279,20121218-0900-COMMITTEE-LIBE_en_44_0
2280,20141111-1500-COMMITTEE-IMCO_en_151_0
2281,20200121-1630-COMMITTEE-AFET-SEDE_en_33_0
2282,20151022-0900-COMMITTEE-DROI_en_229_1
2283,20190925-0900-COMMITTEE-IMCO_en_1_0
2284,20150202-1500-COMMITTEE-AFET_en_188_1
2285,20120327-0900-COMMITTEE-DEVE_en_377_1
2286,20120228-0900-COMMITTEE-ITRE_en_249_1
2287,20200121-0900-COMMITTEE-ENVI_en_276_0
2288,20130917-0900-COMMITTEE-INTA_en_63_0
2289,20151110-0900-COMMITTEE-ENVI_en_243_1
2290,20161109-1900-COMMITTEE-ECON-BUDG_en_6_1
2291,20140219-0900-SPECIAL-UNKN_en_62_1
2292,20150715-0900-COMMITTEE-PECH_en_198_0
2293,20110830-1500-COMMITTEE-IMCO_en_297_1
2294,20200424-1000-COMMITTEE-ITRE_en_19_0
2295,20170322-0900-COMMITTEE-DROI_en_172_0
2296,20091020-0945-SPECIAL_en_8_1
2297,20090423-0900-PLENARY-18_en_6_0
2298,20170425-0900-COMMITTEE-CULT_en_183_1
2299,20181022-1900-COMMITTEE-BUDG_en_24_1
2300,20160712-1500-COMMITTEE-IMCO_en_91_2
2301,20101130-1500-COMMITTEE-ECON_en_16_0
2302,20121128-0900-COMMITTEE-ENVI_en_35_0
2303,20170322-1700-COMMITTEE-JURI-EMPL_en_34_1
2304,20091109-1500-COMMITTEE-DEVE_en_402_1
2305,20180514-1500-COMMITTEE-PECH_en_109_0
2306,20130619-1500-SPECIAL-UNKN_en_21_0
2307,20190902-1500-COMMITTEE-IMCO_en_226_0
2308,20140213-0900-COMMITTEE-ITRE_en_160_0
2309,20121211-0900-PLENARY-14_en_17_0
2310,20151028-0900-PLENARY-21_en_9_1
2311,20150313-1000-SPECIAL-UNKN_en_193_1
2312,20190723-0900-COMMITTEE-BUDG_en_92_1
2313,20190613-1720-COMMITTEE-L_en_6_0
2314,20190116-0900-SPECIAL-OTHER_en_289_0
2315,20140930-1930-COMMITTEE-HEARING2014MS3_en_236_1
2316,20131127-0900-COMMITTEE-LIBE_en_159_0
2317,20120611-0900-PLENARY-16_en_6_1
2318,20130123-1500-COMMITTEE-REGI_en_242_1
2319,20181009-1430-COMMITTEE-ITRE_en_291_1
2320,20190912-1215-SPECIAL-PRESSER_en_42_0
2321,20170405-0900-PLENARY-13_en_127_0
2322,20180903-1500-COMMITTEE-ECON_en_7_1
2323,20170712-0900-COMMITTEE-JURI_en_384_1
2324,20180124-1148-COMMITTEE-JURI_en_76_0
2325,20150908-0900-PLENARY-20_en_42_0
2326,20130905-0900-COMMITTEE-LIBE_en_103_1
2327,20120423-1500-COMMITTEE-TRAN_en_86_1
2328,20150504-1500-COMMITTEE-REGI_en_37_0
2329,20111220-0900-COMMITTEE-INTA_en_60_1
2330,20200305-0930-COMMITTEE-ENVI_en_54_0
2331,20171215-1600-SPECIAL-UNKN_en_7_0
2332,20120919-1500-COMMITTEE-PETI_en_113_0
2333,20130708-1500-COMMITTEE-AFCO_en_29_1
2334,20160203-0900-PLENARY-12_en_14_2
2335,20190723-1500-COMMITTEE-ITRE_en_185_1
2336,20171012-0900-COMMITTEE-IMCO_en_29_1
2337,20141013-1500-COMMITTEE-ENVI_en_172_0
2338,20191106-1000-COMMITTEE-LIBE_en_51_1
2339,20120329-1500-COMMITTEE-BUDG_en_141_0
2340,20181206-1600-SPECIAL-EUROSCOLA_en_53_1
2341,20200622-1645-COMMITTEE-AFET_en_79_1
2342,20160713-1500-COMMITTEE-CULT_en_126_1
2343,20110126-1500-COMMITTEE-ECON_en_222_0
2344,20170620-1500-COMMITTEE-ECON_en_116_1
2345,20150126-1500-COMMITTEE-CONT_en_393_1
2346,20151116-1500-COMMITTEE-IMCO_en_111_1
2347,20181105-1500-COMMITTEE-IMCO_en_157_0
2348,20110712-1500-COMMITTEE-PETI_en_117_2
2349,20180424-1430-COMMITTEE-INTA-AFET_en_78_0
2350,20110207-1500-COMMITTEE-DROI_en_254_0
2351,20140414-0900-PLENARY-20_en_27_0
2352,20170608-0930-SPECIAL-UNKN2_en_262_0
2353,20150129-0900-COMMITTEE-ENVI_en_230_2
2354,20150421-0955-COMMITTEE-envi_en_221_0
2355,20190918-0900-PLENARY_en_413_1
2356,20160831-0900-COMMITTEE-BUDG_en_251_0
2357,20100223-1500-COMMITTEE-PECH_en_292_1
2358,20180710-1430-COMMITTEE-JURI_en_293_0
2359,20130219-1500-COMMITTEE-REGI_en_52_0
2360,20101005-0900-COMMITTEE-ENVI_en_61_0
2361,20090901-1500-COMMITTEE-IMCO_en_253_0
2362,20130902-1500-COMMITTEE-AGRI_en_68_0
2363,20170126-0900-COMMITTEE-ITRE_en_99_0
2364,20091005-1500-COMMITTEE-ITRE_en_176_0
2365,20110201-0900-COMMITTEE-IMCO_en_120_0
2366,20200625-0900-SPECIAL-DELEGATIONS_en_81_0
2367,20111122-1500-COMMITTEE-EMPL_en_73_0
2368,20151221-1500-COMMITTEE-ENVI_en_38_1
2369,20170323-1500-SPECIAL-UNKN3_en_136_1
2370,20181120-1430-COMMITTEE-LIBE_en_395_1
2371,20120906-1500-COMMITTEE-IMCO_en_23_1
2372,20110630-0900-COMMITTEE-ECON_en_174_0
2373,20161109-1500-COMMITTEE-SEDE_en_356_0
2374,20120509-0900-PLENARY-13_en_35_1
2375,20180308-1000-SPECIAL-UNKN_en_107_1
2376,20110524-1500-COMMITTEE-INTA_en_226_1
2377,20100713-1500-COMMITTEE-BUDG_en_36_0
2378,20150122-0900-COMMITTEE-PECH_en_211_1
2379,20190313-0900-PLENARY_en_1285_1
2380,20140918-0900-PLENARY-4_en_43_0
2381,20180418-0900-PLENARY-7_en_231_0
2382,20150908-0900-PLENARY-7_en_20_0
2383,20120418-0900-PLENARY-12_en_193_1
2384,20190207-0900-SPECIAL-COMMITTEEREGIONS_en_41_0
2385,20111122-1500-COMMITTEE-EMPL_en_118_1
2386,20170831-0900-COMMITTEE-LIBE_en_140_1
2387,20100323-0900-COMMITTEE-TRAN_en_57_1
2388,20181113-1430-SPECIAL-CONFERENCE_en_345_0
2389,20200120-1500-COMMITTEE-PETI_en_165_1
2390,20150324-0900-COMMITTEE-EMPL_en_135_1
2391,20150518-0900-PLENARY-18_en_121_1
2392,20111114-0900-PLENARY-18_en_7_1
2393,20180316-1000-SPECIAL-UNKN_en_203_0
2394,20100427-0900-COMMITTEE-REGI_en_180_0
2395,20140407-1500-COMMITTEE-CONT_en_240_1
2396,20190220-0900-COMMITTEE-AFET_en_12_1
2397,20110127-1430-SPECIAL-UNKN_en_333_1
2398,20100127-0900-COMMITTEE-INTA_en_247_0
2399,20170904-1500-COMMITTEE-ECON_en_82_0
2400,20120618-1500-COMMITTEE-TRAN_en_61_0
2401,20200625-1345-COMMITTEE-SEDE_en_225_1
2402,20180321-1430-COMMITTEE-PETI_en_215_0
2403,20150604-0900-COMMITTEE-AFET-DEVE_en_115_1
2404,20170125-0900-COMMITTEE-AGRI_en_319_0
2405,20180129-1830-COMMITTEE-ECON-LIBE_en_62_1
2406,20091215-0900-PLENARY-14_en_18_0
2407,20100426-1500-COMMITTEE-DROI_en_284_0
2408,20161109-0900-COMMITTEE-SEDE_en_78_0
2409,20150204-1400-COMMITTEE-ECON-EMPL-BUDG_en_30_1
2410,20120209-0930-COMMITTEE-SEDE_en_201_1
2411,20151214-0900-PLENARY-10_en_15_0
2412,20151015-1500-COMMITTEE-CONT_en_127_1
2413,20111220-1500-COMMITTEE-ITRE_en_250_1
2414,20171012-1430-SPECIAL-UNKN_en_270_1
2415,20150211-0900-PLENARY-5_en_44_1
2416,20100428-0900-COMMITTEE-ITRE_en_351_0
2417,20121123-1600-SPECIAL-UNKN_en_196_1
2418,20170213-1900-COMMITTEE-CONT_en_50_0
2419,20120613-1430-SPECIAL-UNKN_en_51_0
2420,20120411-1500-COMMITTEE-ITRE_en_59_0
2421,20171016-1500-COMMITTEE-EMPL-TRAN_en_71_1
2422,20100603-0900-COMMITTEE-SEDE_en_13_1
2423,20171121-0900-COMMITTEE-AFCO_en_162_1
2424,20171214-0930-SPECIAL-UNKN_en_89_1
2425,20100714-0900-COMMITTEE-FEMM_en_17_1
2426,20130529-1000-COMMITTEE-LIBE_en_211_0
2427,20100519-0900-PLENARY-11_en_86_1
2428,20110113-0900-COMMITTEE-CONT_en_79_1
2429,20180924-1430-COMMITTEE-CULT_en_202_1
2430,20090910-1400-SPECIAL_en_25_1
2431,20091109-1500-COMMITTEE-ECON_en_374_0
2432,20180327-1430-COMMITTEE-FEMM_en_262_0
2433,20190930-1430-SPECIAL-HEARING-2Q2_en_195_0
2434,20100317-0900-COMMITTEE-INTA_en_200_1
2435,20100128-0900-COMMITTEE-DEVE_en_75_2
2436,20150325-0900-PLENARY-16_en_101_0
2437,20150129-0900-COMMITTEE-SEDE_en_285_1
2438,20130627-0900-COMMITTEE-IMCO_en_190_0
2439,20100622-0900-COMMITTEE-AFET_en_1_1
2440,20131127-1500-COMMITTEE-CULT_en_149_0
2441,20110526-0900-COMMITTEE-IMCO_en_30_0
2442,20120509-0900-PLENARY-13_en_13_1
2443,20190313-0900-PLENARY_en_371_0
2444,20101109-1500-COMMITTEE-PETI_en_291_1
2445,20101004-1500-COMMITTEE-AFCO_en_10_0
2446,20180503-0900-PLENARY-3_en_192_2
2447,20100906-0900-PLENARY-11_en_66_0
2448,20160614-1000-SPECIAL-UNKN_en_41_0
2449,20140415-1030-SPECIAL-UNKN_en_13_0
2450,20120125-1500-COMMITTEE-REGI_en_309_2
2451,20150127-1500-COMMITTEE-ENVI_en_214_1
2452,20170620-1615-COMMITTEE-AFET-DROI_en_93_1
2453,20111011-0900-COMMITTEE-ECON_en_56_1
2454,20190122-0900-COMMITTEE-PETI_en_30_1
2455,20141110-1500-COMMITTEE-DEVE_en_20_0
2456,20171213-0900-PLENARY-4_en_60_0
2457,20151201-1500-COMMITTEE-AGRI_en_108_1
2458,20150506-0900-COMMITTEE-PECH_en_82_1
2459,20150421-0955-COMMITTEE-envi_en_78_1
2460,20150915-0900-COMMITTEE-EMPL_en_115_1
2461,20190123-1430-COMMITTEE-DROI_en_65_0
2462,20130902-1500-COMMITTEE-AGRI_en_217_2
2463,20180522-1930-SPECIAL-UNKN_en_6_0
2464,20170711-0900-COMMITTEE-AFET_en_280_0
2465,20181108-0900-COMMITTEE-CULT_en_223_1
2466,20160926-1500-COMMITTEE-SEDE_en_288_0
2467,20130618-1500-SPECIAL-UNKN_en_120_1
2468,20110526-0900-COMMITTEE-REGI_en_112_0
2469,20101201-0900-COMMITTEE-LIBE_en_156_0
2470,20110922-0900-COMMITTEE-INTA_en_260_0
2471,20150122-0900-COMMITTEE-ITRE_en_277_0
2472,20120919-0900-COMMITTEE-BUDG_en_312_1
2473,20201112-1645-SPECIAL-DELEGATIONS_en_21_0
2474,20091109-1500-COMMITTEE-ITRE_en_22_1
2475,20130123-0900-COMMITTEE-REGI_en_346_0
2476,20131017-1000-COMMITTEE-IMCO_en_48_0
2477,20160125-1500-COMMITTEE-CONT_en_193_0
2478,20160908-0830-COMMITTEE-AFET_en_30_0
2479,20150224-0900-COMMITTEE-ITRE_en_213_0
2480,20161205-1500-COMMITTEE-PECH_en_73_0
2481,20160420-1630-COMMITTEE-JURI-ECON-TAX2_en_112_1
2482,20170404-0900-PLENARY-15_en_115_2
2483,20091105-0900-COMMITTEE-EMPL_en_67_0
2484,20190218-1700-COMMITTEE-AGRI_en_118_0
2485,20100223-1500-COMMITTEE-CONT_en_224_0
2486,20171117-1600-SPECIAL-UNKN_en_58_0
2487,20200416-0900-PLENARY_en_260_2
2488,20171130-1030-SPECIAL-UNKN_en_117_0
2489,20120508-0900-COMMITTEE-TRAN_en_177_0
2490,20150910-0900-PLENARY-14_en_48_0
2491,20160315-1500-COMMITTEE-TAX2_en_153_1
2492,20100127-0900-COMMITTEE-LIBE_en_109_1
2493,20110215-0900-PLENARY-13_en_54_1
2494,20100708-0900-PLENARY-4_en_26_0
2495,20120322-0930-SPECIAL_en_144_1
2496,20121122-0900-PLENARY-3_en_20_1
2497,20191106-1430-COMMITTEE-JURI_en_115_0
2498,20120529-0900-COMMITTEE-REGI_en_120_1
2499,20121127-0900-COMMITTEE-CONT_en_167_0
2500,20150616-1630-COMMITTEE-SEDE-LIBE_en_117_0
2501,20150317-1500-COMMITTEE-AFCO_en_247_0
2502,20170712-1500-COMMITTEE-IMCO-TRAN_en_110_0
2503,20170712-0900-COMMITTEE-EMPL_en_31_0
2504,20170615-0900-PLENARY-4_en_27_0
2505,20151201-0900-COMMITTEE-REGI_en_1_1
2506,20131106-1400-SPECIAL_en_222_1
2507,20110526-1500-COMMITTEE-ITRE_en_179_1
2508,20170322-1500-COMMITTEE-LIBE_en_36_0
2509,20151015-0900-COMMITTEE-CULT_en_30_0
2510,20131125-1500-COMMITTEE-TRAN_en_75_1
2511,20141217-0900-PLENARY-10_en_41_1
2512,20200219-1500-COMMITTEE-CONT_en_117_1
2513,20110315-0900-COMMITTEE-ITRE_en_164_0
2514,20100421-0900-PLENARY-8_en_32_0
2515,20100621-1500-COMMITTEE-TRAN_en_265_1
2516,20151201-0900-COMMITTEE-REGI_en_249_1
2517,20151207-1500-COMMITTEE-PECH_en_219_1
2518,20120411-1500-COMMITTEE-ITRE_en_224_0
2519,20170327-1500-COMMITTEE-ECON_en_15_0
2520,20120125-0900-COMMITTEE-DROI_en_104_0
2521,20150416-0900-COMMITTEE-AGRI-ENVI_en_309_0
2522,20150715-0900-COMMITTEE-LIBE_en_258_1
2523,20200121-1500-COMMITTEE-LIBE_en_119_0
2524,20141007-0900-COMMITTEE-PETI_en_348_1
2525,20151012-1500-COMMITTEE-LIBE_en_145_2
2526,20130519-1100-SPECIAL_en_52_1
2527,20170412-0900-COMMITTEE-LIBE_en_10_1
2528,20120530-1700-COMMITTEE-PECH_en_0_0
2529,20160413-0900-PLENARY-25_en_42_0
